Date,NoDur,Durbl,Manuf,Enrgy,Chems,BusEq,Telcm,Utils,Shops,Hlth,Money,Other
1973-01,-0.047599999999999996,-0.067,-0.0414,0.050300000000000004,-0.0269,0.021099999999999997,-0.0212,-0.042699999999999995,-0.0409,-0.011899999999999999,-0.0751,-0.0737
1973-02,-0.0437,-0.058600000000000006,-0.0279,-0.0738,-0.0101,-0.0298,-0.0464,-0.019799999999999998,-0.0645,-0.0070999999999999995,-0.061200000000000004,-0.0599
1973-03,-0.01,-0.0282,-0.0029,0.0305,-0.0007000000000000001,-0.0115,0.0053,-0.0215,-0.0564,0.0078000000000000005,-0.0038,-0.001
1973-04,-0.0625,-0.0519,-0.049699999999999994,-0.0098,-0.0333,-0.0649,0.0088,-0.006,-0.0852,-0.054900000000000004,-0.0801,-0.0742
1973-05,-0.0213,-0.042300000000000004,-0.0084,-0.0356,-0.0182,-0.0268,-0.0084,0.0034999999999999996,-0.0223,0.0106,-0.0325,-0.0722
1973-06,-0.0344,-0.0254,-0.0018,0.0159,-0.0070999999999999995,-0.001,-0.0032,-0.025,-0.0576,0.0001,0.0254,-0.0392
1973-07,0.07429999999999999,0.0726,0.0673,0.003,0.065,0.048499999999999995,-0.0032,-0.024,0.1114,0.0687,0.0897,0.1016
1973-08,-0.0331,-0.0394,-0.0040999999999999995,-0.0382,-0.0403,-0.037599999999999995,-0.038900000000000004,-0.021,-0.0415,-0.069,-0.0232,-0.023
1973-09,0.059000000000000004,0.0782,0.0443,0.09210000000000002,0.0516,-0.0316,0.0764,0.0791,0.0717,0.0078000000000000005,0.0738,0.071
1973-10,-0.0225,-0.0435,0.0033,0.051699999999999996,0.0045000000000000005,0.0418,-0.0556,-0.0341,-0.0365,0.0183,-0.0178,-0.002
1973-11,-0.1432,-0.1631,-0.1396,-0.0622,-0.1501,-0.1144,-0.0433,-0.1164,-0.18899999999999997,-0.0776,-0.12380000000000001,-0.1464
1973-12,-0.015700000000000002,-0.037599999999999995,0.017,0.0863,0.0024,-0.0444,0.0417,0.034300000000000004,-0.0021,-0.044800000000000006,0.0209,0.0281
1974-01,0.0236,0.061,0.0042,-0.0746,0.005699999999999999,0.0111,0.0209,0.0455,0.0669,-0.0256,0.0034000000000000002,0.021
1974-02,0.0015,-0.010700000000000001,0.0023,-0.0155,-0.0040999999999999995,-0.0066,0.0471,0.0029,0.008100000000000001,-0.012199999999999999,0.005600000000000001,0.014499999999999999
1974-03,-0.019,-0.001,-0.0177,-0.032400000000000005,0.0177,-0.027000000000000003,-0.0458,-0.0366,-0.031200000000000002,0.0121,-0.0414,-0.031200000000000002
1974-04,-0.036699999999999997,-0.0407,-0.028999999999999998,-0.06309999999999999,0.0013,-0.0363,-0.053200000000000004,-0.1223,-0.0196,-0.0148,-0.0675,-0.0592
1974-05,-0.0291,0.0044,-0.0425,-0.0754,0.0126,-0.0391,-0.0155,-0.0493,0.011899999999999999,-0.0012,-0.1012,-0.0688
1974-06,-0.005699999999999999,-0.0264,-0.0102,-0.0031,0.0092,-0.0291,0.0027,-0.0622,-0.0273,-0.016200000000000003,-0.0684,-0.0434
1974-07,-0.1016,-0.1191,-0.0736,-0.0052,-0.0676,-0.08220000000000001,-0.07629999999999999,0.0074,-0.1283,-0.1414,-0.0722,-0.0604
1974-08,-0.102,-0.06709999999999999,-0.0955,-0.08650000000000001,-0.1164,-0.047400000000000005,-0.0003,-0.08689999999999999,-0.1308,-0.0806,-0.11789999999999999,-0.0956
1974-09,-0.1206,-0.1298,-0.13419999999999999,-0.0797,-0.1161,-0.16899999999999998,-0.0381,-0.0132,-0.12269999999999999,-0.15560000000000002,-0.0711,-0.11960000000000001
1974-10,0.157,0.045,0.1423,0.2078,0.2022,0.1471,0.1085,0.13019999999999998,0.1,0.2959,0.2101,0.1934
1974-11,-0.038599999999999995,-0.0479,-0.0548,-0.0429,-0.0666,-0.0507,-0.030699999999999998,-0.0015,-0.0575,-0.0123,-0.021400000000000002,-0.0348
1974-12,-0.0051,-0.0409,-0.05,0.0084,-0.0325,-0.0521,0.015700000000000002,-0.0083,-0.0336,-0.0332,-0.0264,-0.0603
1975-01,0.1873,0.2152,0.1624,0.0676,0.1093,0.152,0.1109,0.1883,0.2597,-0.0075,0.1732,0.1857
1975-02,0.0404,0.0499,0.0791,0.0227,0.08259999999999999,0.1324,0.051500000000000004,0.0088,0.051699999999999996,0.1607,0.0026,0.0562
1975-03,0.0716,0.0662,0.052000000000000005,-0.0232,0.04650000000000001,0.0102,-0.0088,-0.013300000000000001,0.1076,0.0129,0.025099999999999997,0.056799999999999996
1975-04,0.0302,0.0408,0.0859,0.0725,0.1159,0.0562,-0.0096,-0.0163,0.0259,0.006500000000000001,0.013300000000000001,0.0508
1975-05,0.052199999999999996,0.026000000000000002,0.030699999999999998,0.1207,0.021,0.060599999999999994,0.0355,0.08539999999999999,0.0401,0.0653,0.064,0.051
1975-06,0.0528,0.1024,0.0369,0.065,0.0344,0.0206,0.0405,0.1074,0.0745,0.0096,0.0634,0.056100000000000004
1975-07,-0.0538,-0.0202,-0.060700000000000004,-0.0425,-0.0558,-0.0946,-0.0421,-0.048,-0.0747,-0.12029999999999999,-0.0732,-0.050199999999999995
1975-08,-0.0313,-0.0348,-0.0087,-0.0088,-0.0070999999999999995,-0.0285,-0.0354,-0.0123,-0.0033,-0.0332,-0.061200000000000004,-0.0424
1975-09,-0.024399999999999998,-0.0245,-0.052000000000000005,-0.011699999999999999,-0.071,-0.008,-0.0127,-0.0098,-0.0354,-0.0652,-0.0753,-0.0519
1975-10,0.1058,0.0891,0.048799999999999996,-0.0134,0.0751,0.085,0.0682,0.0655,0.0992,0.1067,0.050300000000000004,0.0291
1975-11,0.0409,0.0327,0.0301,-0.016399999999999998,0.0298,0.0506,0.042800000000000005,0.0316,0.0466,0.0513,0.0484,0.0241
1975-12,-0.0149,-0.0045000000000000005,-0.0113,0.0009,-0.0191,-0.012,-0.0012,0.013500000000000002,-0.0304,-0.0636,-0.0042,-0.0012
1976-01,0.1094,0.1564,0.1728,0.0848,0.1606,0.18170000000000003,0.0949,0.08310000000000001,0.08990000000000001,0.0774,0.1219,0.1365
1976-02,-0.0109,0.0387,0.0241,-0.0316,0.003,0.010700000000000001,0.0354,-0.0355,0.046799999999999994,-0.06559999999999999,0.0195,0.0429
1976-03,0.0072,0.0354,0.0225,0.0722,-0.0147,0.0305,0.005699999999999999,0.014499999999999999,0.0344,0.0654,0.0325,0.0087
1976-04,-0.0166,0.018500000000000003,-0.018000000000000002,0.021400000000000002,-0.005,-0.0347,0.0172,0.0063,-0.0467,-0.0431,-0.0262,-0.0059
1976-05,-0.0217,-0.0313,-0.008,0.0553,-0.0215,0.0049,-0.028999999999999998,-0.0147,-0.057699999999999994,-0.0282,-0.0217,-0.0132
1976-06,0.0364,0.0424,0.0444,0.0509,0.0207,0.0823,0.0359,0.0426,0.0147,0.036699999999999997,0.06480000000000001,0.0438
1976-07,0.0148,-0.010700000000000001,-0.020099999999999996,-0.0062,-0.0143,-0.0222,0.0125,0.0282,-0.022400000000000003,-0.0038,0.011699999999999999,-0.0131
1976-08,-0.0034000000000000002,-0.0146,-0.013999999999999999,-0.0089,-0.0236,-0.0086,0.047400000000000005,0.0297,0.0286,0.0217,-0.0016,-0.022000000000000002
1976-09,0.0159,0.0449,0.0139,0.0592,0.0045000000000000005,0.0291,0.016,0.0408,0.0045000000000000005,0.0363,0.005600000000000001,0.0131
1976-10,-0.016200000000000003,-0.0116,-0.0369,-0.0242,-0.024,-0.0446,0.0129,-0.008100000000000001,-0.0091,-0.0374,0.0064,-0.015700000000000002
1976-11,0.0174,-0.0070999999999999995,0.011000000000000001,0.0083,-0.0369,0.015600000000000001,0.0315,0.0315,0.048499999999999995,-0.09759999999999999,0.0177,0.0223
1976-12,0.0521,0.0967,0.0504,0.0633,0.0775,0.0377,0.0345,0.065,0.0233,0.0629,0.0888,0.0785
1977-01,-0.0408,-0.04190000000000001,-0.0567,0.0029,-0.065,-0.0393,0.0012,0.0084,-0.0713,-0.0883,-0.0458,-0.0368
1977-02,-0.0139,-0.0348,-0.0048,-0.0301,-0.009399999999999999,-0.006500000000000001,0.0098,-0.0342,-0.0184,-0.0021,-0.0163,-0.0183
1977-03,-0.013999999999999999,-0.0335,0.0,-0.0207,-0.0083,-0.0009,-0.0104,0.0018,-0.0275,-0.0179,-0.0052,0.0039000000000000003
1977-04,0.0052,0.0316,0.009899999999999999,0.0252,-0.0060999999999999995,-0.036000000000000004,0.0066,0.0194,-0.0344,-0.052199999999999996,0.023399999999999997,0.0189
1977-05,-0.009399999999999999,-0.0053,-0.028300000000000002,-0.0043,-0.0333,-0.015,0.0143,0.0167,-0.0278,-0.0189,-0.006500000000000001,-0.0116
1977-06,0.0453,0.0429,0.0378,0.060899999999999996,0.0259,0.0781,0.0194,0.0571,0.060899999999999996,0.09029999999999999,0.06,0.045899999999999996
1977-07,0.0118,-0.024300000000000002,-0.0412,-0.018000000000000002,-0.0239,-0.0007000000000000001,-0.0085,0.0087,-0.0022,-0.0223,0.0043,-0.0141
1977-08,0.0011,-0.0085,-0.0147,-0.0584,-0.0087,0.0059,-0.022799999999999997,-0.0325,0.0463,0.0384,-0.0118,-0.012
1977-09,0.0027,0.0155,-0.0115,0.0074,-0.0032,-0.0184,0.0348,0.020099999999999996,-0.006999999999999999,-0.0089,-0.0003,-0.0019
1977-10,-0.0335,-0.0446,-0.050300000000000004,-0.0355,-0.0362,-0.0323,-0.050499999999999996,-0.0315,-0.0318,-0.0175,-0.048,-0.0392
1977-11,0.045899999999999996,0.0187,0.0466,0.0347,0.0352,0.0528,0.0216,0.0429,0.0555,0.060899999999999996,0.058600000000000006,0.0728
1977-12,0.0001,-0.0075,0.0074,0.0189,0.0086,0.0233,0.0215,-0.0033,-0.0123,0.0062,-0.001,0.015
1978-01,-0.053,-0.0682,-0.0584,-0.0693,-0.0655,-0.0467,-0.0416,-0.0454,-0.0684,-0.0189,-0.0602,-0.0443
1978-02,0.0011,0.0038,-0.0207,-0.0109,-0.039900000000000005,-0.0349,0.0416,-0.0042,-0.0044,-0.0302,0.0008,-0.0043
1978-03,0.0417,0.061,0.0436,0.020499999999999997,0.0273,-0.0069,0.0262,0.0248,0.0285,0.0417,0.051699999999999996,0.057999999999999996
1978-04,0.0692,0.09630000000000001,0.11470000000000001,0.067,0.1117,0.1334,0.029300000000000003,0.0018,0.10830000000000001,0.0924,0.0998,0.0863
1978-05,0.042300000000000004,0.0018,0.052199999999999996,0.0086,0.0128,0.016399999999999998,-0.0039000000000000003,0.0070999999999999995,0.0126,0.051699999999999996,0.0132,0.0412
1978-06,-0.0026,-0.0277,-0.0137,-0.0374,-0.0163,-0.0040999999999999995,-0.0154,0.0083,-0.0197,0.011399999999999999,-0.0053,-0.0014000000000000002
1978-07,0.035,0.0473,0.08789999999999999,0.0334,0.051500000000000004,0.08689999999999999,0.0143,0.0282,0.0513,0.08869999999999999,0.052000000000000005,0.084
1978-08,0.041100000000000005,0.0297,0.039900000000000005,0.0513,0.037599999999999995,0.0608,0.0353,0.0045000000000000005,0.057,0.0097,0.055999999999999994,0.07629999999999999
1978-09,-0.004,-0.0051,-0.0233,0.047599999999999996,-0.014499999999999999,-0.0426,0.012199999999999999,-0.0025,-0.0264,-0.0271,-0.0088,-0.0212
1978-10,-0.1158,-0.1118,-0.1225,-0.1061,-0.08990000000000001,-0.10679999999999999,-0.045,-0.071,-0.1418,-0.1284,-0.11470000000000001,-0.1721
1978-11,0.0219,0.0068000000000000005,0.032799999999999996,0.061799999999999994,0.0175,0.051500000000000004,0.0302,0.03,0.0263,0.0518,0.0175,0.0347
1978-12,0.0168,-0.0062,0.0161,0.0282,0.0085,0.06509999999999999,0.001,-0.0125,-0.0066,0.0342,0.0137,0.012
1979-01,0.0418,0.0506,0.0721,0.030899999999999997,0.0462,0.0425,0.0366,0.0637,0.057300000000000004,0.014199999999999999,0.053099999999999994,0.0695
1979-02,-0.0349,-0.036000000000000004,-0.0472,0.0060999999999999995,-0.0383,-0.0333,-0.006500000000000001,-0.016399999999999998,-0.044199999999999996,-0.0452,-0.0334,-0.0304
1979-03,0.0415,0.066,0.07519999999999999,0.0928,0.0697,0.0753,0.0016,0.0232,0.061200000000000004,0.0504,0.07440000000000001,0.0904
1979-04,0.002,0.029300000000000003,-0.0033,0.0433,-0.0088,0.0037,-0.0215,-0.0275,0.0088,0.0043,0.0143,0.0158
1979-05,-0.0178,-0.0069,-0.020499999999999997,-0.0246,-0.029500000000000002,-0.0196,0.0009,0.0144,-0.024399999999999998,-0.0264,0.0019,-0.0085
1979-06,0.0332,0.03,0.039,0.09269999999999999,0.023799999999999998,0.0042,0.019299999999999998,0.049699999999999994,0.027999999999999997,0.0483,0.08710000000000001,0.049400000000000006
1979-07,0.0203,0.0206,0.0183,0.0158,0.0281,-0.0171,-0.0011,0.0207,0.0126,0.0015,0.0326,0.0337
1979-08,0.0756,0.0472,0.0759,0.0793,0.0781,0.0601,0.0152,0.020499999999999997,0.0888,0.0858,0.0504,0.067
1979-09,-0.0187,0.0039000000000000003,-0.0131,0.0592,0.009300000000000001,-0.0173,-0.023799999999999998,-0.0219,-0.0075,-0.0055000000000000005,-0.0111,-0.0012
1979-10,-0.0766,-0.0928,-0.0908,-0.0255,-0.08130000000000001,-0.0775,-0.0507,-0.0583,-0.0889,-0.0434,-0.1008,-0.1025
1979-11,0.0516,-0.022000000000000002,0.045,0.0892,0.053899999999999997,0.0819,0.0406,0.07780000000000001,0.0383,0.08789999999999999,0.0633,0.0786
1979-12,0.0337,0.0326,0.0464,0.024900000000000002,0.0406,0.0168,-0.0152,-0.0101,0.030699999999999998,0.0208,0.0179,0.0688
1980-01,0.0311,0.0911,0.08810000000000001,0.1405,0.022099999999999998,0.07490000000000001,-0.0207,0.0155,0.0131,-0.0129,0.021,0.0942
1980-02,-0.048600000000000004,-0.0635,-0.0275,0.13,-0.0178,-0.0363,-0.013999999999999999,-0.0342,-0.048600000000000004,-0.0464,-0.0501,-0.0166
1980-03,-0.0817,-0.08800000000000001,-0.12369999999999999,-0.1791,-0.1013,-0.1267,-0.026600000000000002,-0.066,-0.09630000000000001,-0.0285,-0.0895,-0.1573
1980-04,0.064,-0.0175,0.023700000000000002,0.06860000000000001,0.0559,0.005600000000000001,0.0733,0.1204,0.045,0.0429,0.0688,0.053399999999999996
1980-05,0.0795,0.0437,0.0564,0.041299999999999996,0.07780000000000001,0.0479,0.05,0.046,0.10679999999999999,0.0697,0.0786,0.0836
1980-06,0.029900000000000003,0.0279,0.0282,0.0584,0.010700000000000001,0.0308,-0.005699999999999999,0.0455,0.0242,0.0022,0.048499999999999995,0.0536
1980-07,0.0774,0.1175,0.1148,0.020099999999999996,0.0935,0.15410000000000001,0.01,-0.0012,0.1082,0.0888,0.0319,0.11230000000000001
1980-08,0.0147,0.015300000000000001,0.0147,0.0366,0.0196,0.0362,0.063,-0.011699999999999999,0.018000000000000002,0.0027,0.0187,0.0361
1980-09,0.002,0.009300000000000001,0.036699999999999997,0.0653,0.0083,0.018799999999999997,-0.016200000000000003,0.0012,0.0128,0.0362,0.026000000000000002,0.051
1980-10,0.0029,-0.0172,0.0123,0.0776,-0.0147,0.0177,-0.0321,0.0192,-0.0115,-0.0124,0.0008,0.0319
1980-11,0.009300000000000001,0.0489,0.08810000000000001,0.243,0.0725,0.09910000000000001,-0.0046,0.0739,0.0258,0.0888,0.0558,0.0975
1980-12,0.01,-0.0108,-0.0254,-0.1059,-0.0098,-0.0097,0.012199999999999999,-0.0192,-0.0139,0.0461,0.031200000000000002,-0.0298
1981-01,0.0203,-0.022400000000000003,-0.027999999999999997,-0.1016,0.0029,-0.0823,0.0555,-0.0256,0.0044,-0.016200000000000003,-0.0274,-0.0398
1981-02,0.0248,0.0645,0.042699999999999995,-0.0031,0.0478,0.0032,0.0213,-0.0127,0.0268,0.018000000000000002,0.018799999999999997,0.0144
1981-03,0.0694,0.0698,0.0738,-0.020499999999999997,0.0242,0.0504,0.011699999999999999,0.03,0.1284,0.0587,0.0696,0.1114
1981-04,0.0115,0.0187,-0.0087,-0.078,-0.011899999999999999,-0.0002,0.062,-0.0269,0.028900000000000002,0.030299999999999997,0.006500000000000001,0.0008
1981-05,0.0265,0.0288,-0.0014000000000000002,-0.0395,-0.010700000000000001,0.0434,0.0721,0.0184,0.0286,0.0346,0.0274,0.0286
1981-06,-0.0018,-0.043,-0.0236,0.0471,0.017,-0.0676,-0.0191,0.0346,-0.0143,-0.055999999999999994,0.017,-0.0451
1981-07,-0.0076,-0.0291,-0.0262,0.0794,-0.037599999999999995,-0.0363,0.0034000000000000002,0.027999999999999997,-0.034,-0.039,-0.030899999999999997,-0.023700000000000002
1981-08,-0.0493,-0.0793,-0.0733,-0.0634,-0.0571,-0.073,-0.0077,-0.0085,-0.056100000000000004,-0.0775,-0.0518,-0.0599
1981-09,-0.0217,-0.0296,-0.07440000000000001,-0.12300000000000001,-0.0661,-0.0365,0.028399999999999998,-0.0554,-0.0363,-0.0129,-0.0252,-0.08650000000000001
1981-10,0.0741,-0.0415,0.0294,0.096,0.0582,0.051399999999999994,0.0602,0.0489,0.0676,0.0796,0.0747,0.0681
1981-11,0.026600000000000002,0.048600000000000004,0.051100000000000007,0.06849999999999999,0.0352,0.013999999999999999,0.027000000000000003,0.059500000000000004,0.010700000000000001,0.0394,0.056600000000000004,0.0421
1981-12,-0.0181,0.004699999999999999,-0.0132,-0.0641,-0.0246,-0.0005,-0.014499999999999999,-0.0235,-0.0192,-0.0074,-0.038599999999999995,-0.0366
1982-01,-0.0092,0.0116,-0.0387,-0.08470000000000001,-0.0179,0.0291,0.0067,-0.0067,0.0013,0.0144,-0.0212,-0.0463
1982-02,-0.0194,-0.020499999999999997,-0.0546,-0.11199999999999999,-0.060700000000000004,-0.052199999999999996,-0.056900000000000006,-0.0034000000000000002,-0.0141,-0.0174,-0.029500000000000002,-0.0533
1982-03,0.024700000000000003,0.0351,-0.0196,-0.0341,-0.0111,-0.0368,0.020499999999999997,0.0166,0.042800000000000005,-0.0256,-0.01,-0.0166
1982-04,0.0668,0.0444,0.0263,0.0431,0.0496,0.07519999999999999,-0.013600000000000001,0.0385,0.053099999999999994,0.0739,0.0316,0.0433
1982-05,-0.0329,-0.0195,-0.0506,0.023399999999999997,-0.0395,-0.053899999999999997,0.002,-0.0054,-0.0273,-0.0305,-0.0552,-0.0575
1982-06,0.0166,0.026699999999999998,-0.021099999999999997,-0.0626,-0.036699999999999997,-0.023799999999999998,-0.0245,-0.022099999999999998,0.0265,-0.0075,-0.0262,-0.0223
1982-07,-0.0045000000000000005,-0.0033,-0.0222,-0.08109999999999999,-0.0271,0.0167,0.012,-0.0259,0.0022,0.0078000000000000005,-0.030299999999999997,-0.030299999999999997
1982-08,0.0916,0.1386,0.1374,0.1005,0.1439,0.1294,0.1085,0.1208,0.126,0.1244,0.1148,0.1114
1982-09,0.051399999999999994,-0.0075,-0.013300000000000001,0.018500000000000003,-0.002,0.0113,0.01,0.010700000000000001,0.04769999999999999,0.013600000000000001,0.06,0.0123
1982-10,0.10460000000000001,0.16519999999999999,0.13449999999999998,0.055,0.12140000000000001,0.1707,0.0812,0.0473,0.16870000000000002,0.08220000000000001,0.1517,0.1653
1982-11,0.052300000000000006,0.0825,0.062,-0.0458,0.0472,0.1073,0.06,0.0012,0.1119,0.051699999999999996,0.065,0.0951
1982-12,0.0097,0.030299999999999997,0.0181,0.0553,-0.0184,0.026600000000000002,-0.0123,0.0434,-0.0207,0.0058,-0.0236,0.0025
1983-01,-0.0101,0.051699999999999996,0.0432,0.0364,0.0694,0.0837,0.1244,0.036699999999999997,0.0126,0.014199999999999999,0.005699999999999999,0.06570000000000001
1983-02,0.037599999999999995,0.0364,0.042800000000000005,-0.0059,0.0321,0.0369,-0.0037,0.0159,0.0791,0.028300000000000002,0.0542,0.0333
1983-03,0.07519999999999999,-0.0115,0.018799999999999997,0.0593,0.0259,0.006500000000000001,0.0064,0.0025,0.0851,0.0454,0.0681,0.021099999999999997
1983-04,0.062,0.10880000000000001,0.0579,0.09359999999999999,0.0766,0.0753,0.051399999999999994,0.0478,0.0858,0.050499999999999996,0.0922,0.0698
1983-05,-0.0095,-0.0208,0.023799999999999998,0.013300000000000001,0.013000000000000001,0.0269,-0.0131,0.0254,0.004699999999999999,-0.0275,0.0054,0.053099999999999994
1983-06,0.0319,0.1032,0.0155,0.0643,0.0163,0.062,0.0018,-0.0055000000000000005,0.0611,0.0692,0.0034000000000000002,0.0379
1983-07,-0.026600000000000002,-0.039,-0.0286,-0.0227,-0.0194,-0.0535,-0.051699999999999996,0.0102,-0.032799999999999996,-0.056799999999999996,-0.028300000000000002,-0.049699999999999994
1983-08,0.0072,-0.023700000000000002,-0.0109,0.0687,0.0471,-0.0103,0.022000000000000002,0.0152,-0.0473,-0.0101,0.0072,-0.0356
1983-09,0.0466,0.043899999999999995,0.029900000000000003,-0.046,0.006500000000000001,0.0217,0.0226,0.0466,0.0219,0.013000000000000001,0.0195,0.009399999999999999
1983-10,-0.0021,0.0004,-0.023799999999999998,-0.020499999999999997,-0.0202,-0.0699,-0.0519,0.0305,-0.0177,-0.0218,-0.0301,-0.059699999999999996
1983-11,0.023,0.042300000000000004,0.0786,-0.0045000000000000005,0.0325,0.0218,0.0317,-0.016399999999999998,0.0444,-0.030299999999999997,0.039900000000000005,0.059800000000000006
1983-12,-0.004699999999999999,0.0092,-0.0031,0.021,-0.030699999999999998,0.0044,-0.015300000000000001,-0.0364,-0.0472,-0.0363,-0.0076,-0.011699999999999999
1984-01,-0.0070999999999999995,-0.0538,-0.0332,0.09849999999999999,-0.0414,-0.0625,0.040999999999999995,0.0144,-0.058499999999999996,-0.005699999999999999,-0.0046,-0.0351
1984-02,-0.0565,-0.060899999999999996,-0.06709999999999999,0.039599999999999996,-0.06280000000000001,-0.058899999999999994,-0.0368,-0.0334,-0.044500000000000005,-0.0203,-0.045899999999999996,-0.0557
1984-03,0.0163,0.0037,0.0255,0.0027,0.0536,0.0172,-0.043,-0.0031,0.0121,-0.0067,0.0208,0.030699999999999998
1984-04,0.005699999999999999,0.0132,-0.0060999999999999995,0.0398,0.0108,-0.0038,0.022000000000000002,-0.005,0.0034000000000000002,0.0232,-0.011699999999999999,-0.0358
1984-05,-0.0241,-0.0579,-0.061399999999999996,-0.0512,-0.051699999999999996,-0.055,-0.035699999999999996,-0.0083,-0.0518,-0.0646,-0.07400000000000001,-0.0599
1984-06,0.0632,0.021099999999999997,0.0379,-0.02,0.018500000000000003,0.0168,0.12210000000000001,0.0044,0.07400000000000001,0.038599999999999995,0.022799999999999997,0.0219
1984-07,-0.015700000000000002,0.0253,-0.0128,-0.0747,-0.0197,-0.0236,0.0281,-0.0001,0.0012,-0.0377,-0.0068000000000000005,-0.045599999999999995
1984-08,0.08689999999999999,0.1,0.1206,0.1401,0.11539999999999999,0.1392,0.0672,0.07780000000000001,0.0986,0.10439999999999999,0.1092,0.1161
1984-09,0.0126,-0.002,-0.0264,0.0225,-0.0239,-0.0397,0.0292,0.048600000000000004,0.0006,-0.044199999999999996,0.0321,-0.0016
1984-10,0.0138,0.0215,0.0084,-0.0435,-0.001,-0.0049,-0.008,0.0335,-0.0069,0.0166,0.0125,-0.0046
1984-11,0.0038,-0.030299999999999997,-0.0152,-0.009899999999999999,-0.0085,-0.0385,-0.0024,0.030600000000000002,-0.0291,-0.0008,0.0028000000000000004,-0.018799999999999997
1984-12,0.024399999999999998,0.0461,0.024700000000000003,-0.005699999999999999,0.0132,0.026000000000000002,0.0512,0.0265,0.0076,0.0271,0.0449,0.02
1985-01,0.0484,0.0984,0.09570000000000001,0.0654,0.0581,0.1251,0.058600000000000006,0.024,0.1313,0.08310000000000001,0.0888,0.12210000000000001
1985-02,0.0507,-0.015700000000000002,0.0104,0.0388,0.0189,-0.0137,0.0269,0.0137,0.021,0.036000000000000004,0.0217,0.019
1985-03,0.0464,-0.052300000000000006,-0.0342,0.014499999999999999,-0.0134,-0.059500000000000004,0.0548,0.0613,-0.0060999999999999995,0.030699999999999998,0.0008,-0.0085
1985-04,-0.0213,-0.0345,-0.0204,0.038,-0.0011,-0.0373,0.009000000000000001,0.016,0.0004,-0.0177,0.0258,-0.0124
1985-05,0.07980000000000001,0.059000000000000004,0.0571,0.0062,0.0697,0.0279,0.0663,0.0538,0.096,0.09369999999999999,0.062,0.06509999999999999
1985-06,0.0276,0.0149,0.0138,-0.0064,0.0191,-0.0074,0.040999999999999995,0.0362,0.016,0.0227,0.029900000000000003,0.0245
1985-07,-0.0262,0.0254,0.0333,-0.0059,0.034,0.0452,-0.045700000000000005,-0.04650000000000001,-0.039900000000000005,-0.004699999999999999,-0.013600000000000001,0.0317
1985-08,0.006999999999999999,-0.030299999999999997,-0.0125,0.0158,-0.0087,-0.0262,0.0053,0.0192,-0.0060999999999999995,-0.008199999999999999,-0.0026,-0.0063
1985-09,-0.005699999999999999,-0.030899999999999997,-0.0434,-0.013000000000000001,-0.030899999999999997,-0.046799999999999994,-0.0408,-0.0538,-0.0433,-0.0392,-0.0449,-0.0635
1985-10,0.035699999999999996,0.0098,0.0183,0.059500000000000004,0.0684,0.0298,0.0416,0.0633,0.0683,0.0287,0.0767,0.030699999999999998
1985-11,0.0823,0.09880000000000001,0.08539999999999999,0.0034000000000000002,0.0652,0.0855,0.0741,0.040999999999999995,0.0797,0.0956,0.07629999999999999,0.0705
1985-12,0.0546,0.07,0.0406,-0.0268,0.0556,0.083,0.0603,0.049800000000000004,0.0454,0.0352,0.0496,0.0321
1986-01,0.0179,0.0209,0.0218,-0.068,0.0028000000000000004,-0.0037,-0.0378,0.0379,0.0165,0.0106,0.035,0.0361
1986-02,0.10830000000000001,0.1074,0.0978,0.0087,0.11259999999999999,0.0492,0.0739,0.0659,0.0782,0.060700000000000004,0.0864,0.0747
1986-03,0.0812,0.0784,0.0582,0.0095,0.0629,-0.0023,0.0418,0.0398,0.08560000000000001,0.1208,0.058499999999999996,0.0554
1986-04,0.0043,-0.0331,-0.026600000000000002,0.0075,0.0095,0.0391,0.024300000000000002,-0.0393,0.004,0.0070999999999999995,-0.0321,-0.004
1986-05,0.08869999999999999,0.030600000000000002,0.0369,0.0736,0.060899999999999996,0.008199999999999999,0.045899999999999996,0.0363,0.0977,0.0725,0.05,0.038
1986-06,0.0632,-0.011699999999999999,-0.0077,-0.020499999999999997,0.0137,-0.038900000000000004,0.0538,0.050499999999999996,0.0394,0.056799999999999996,0.0202,0.0022
1986-07,-0.057300000000000004,-0.0895,-0.0794,-0.0512,-0.065,-0.0824,-0.0298,0.0513,-0.09390000000000001,-0.0536,-0.054400000000000004,-0.09759999999999999
1986-08,0.0258,0.0701,0.0716,0.1673,0.0479,0.0702,0.0684,0.07919999999999999,0.0166,0.04,0.0704,0.059800000000000006
1986-09,-0.1085,-0.0812,-0.0638,-0.0088,-0.0691,-0.0698,-0.0944,-0.0911,-0.08460000000000001,-0.126,-0.1032,-0.0374
1986-10,0.0886,0.0601,0.0567,0.0191,0.084,0.0049,0.0463,0.0521,0.0731,0.07980000000000001,0.0345,0.0662
1986-11,0.0072,0.0464,0.0206,0.0325,0.0332,0.0361,0.0398,0.0055000000000000005,0.0161,0.0137,-0.009399999999999999,0.0021
1986-12,-0.0322,-0.025699999999999997,-0.0168,-0.0046,-0.0254,-0.0377,-0.0371,-0.033,-0.0599,-0.012199999999999999,-0.0232,-0.0336
1987-01,0.1446,0.1866,0.1423,0.14150000000000001,0.1481,0.16469999999999999,0.053,0.09300000000000001,0.11720000000000001,0.1315,0.1043,0.1365
1987-02,0.056100000000000004,0.0359,0.0481,-0.0176,0.0466,0.09519999999999999,0.0003,-0.0215,0.0981,0.1112,0.0394,0.0699
1987-03,0.011399999999999999,0.0443,0.027000000000000003,0.1183,0.049100000000000005,0.027000000000000003,0.0139,-0.0168,0.0168,0.0015,-0.0148,0.0304
1987-04,-0.0368,0.041100000000000005,-0.0202,0.0011,-0.0048,0.0443,-0.024700000000000003,-0.0433,-0.027000000000000003,-0.0245,-0.0495,-0.014199999999999999
1987-05,0.0263,-0.0129,0.0005,0.0302,0.0104,0.0026,0.0329,-0.018500000000000003,-0.0005,0.0125,-0.0075,0.0204
1987-06,0.0679,0.0278,0.0506,0.0583,0.053899999999999997,-0.0007000000000000001,0.0695,0.034,0.0626,0.0478,0.049400000000000006,0.0374
1987-07,0.057300000000000004,0.0693,0.0833,0.0319,0.042800000000000005,0.0085,0.0584,-0.0167,0.057,0.0579,0.0189,0.0724
1987-08,0.036699999999999997,0.056600000000000004,0.027200000000000002,0.019299999999999998,0.030600000000000002,0.0761,0.0508,0.0371,0.0333,0.022099999999999998,0.0581,0.0113
1987-09,-0.0277,-0.0383,0.0076,-0.038599999999999995,-0.0066,-0.0282,0.0334,-0.0231,-0.0637,-0.025699999999999997,-0.0227,-0.006500000000000001
1987-10,-0.20980000000000001,-0.2658,-0.2858,-0.1885,-0.24530000000000002,-0.2569,-0.1216,-0.0693,-0.2791,-0.203,-0.21239999999999998,-0.2943
1987-11,-0.08,-0.0833,-0.0443,-0.1066,-0.0669,-0.09949999999999999,-0.08900000000000001,-0.0255,-0.08650000000000001,-0.0931,-0.0719,-0.0509
1987-12,0.0756,0.0876,0.10220000000000001,0.0675,0.125,0.11779999999999999,0.0391,0.005600000000000001,0.0859,0.0535,0.0358,0.0999
1988-01,0.0304,0.042800000000000005,0.0063,0.0843,-0.0064,-0.025,0.1003,0.0977,0.0562,0.0637,0.0883,0.0043
1988-02,0.0604,0.0645,0.08529999999999999,0.0361,0.0611,0.0746,0.0124,-0.0141,0.1027,0.0421,0.0308,0.0754
1988-03,-0.0152,-0.0362,-0.006500000000000001,0.0262,-0.0282,-0.0483,-0.039599999999999996,-0.0318,-0.0115,-0.024900000000000002,-0.0258,0.0165
1988-04,-0.0017000000000000001,0.027200000000000002,0.0184,0.0462,0.0109,0.0269,0.0074,-0.003,0.016,-0.020099999999999996,-0.0046,-0.0029
1988-05,-0.0026,0.0096,-0.0005,-0.0040999999999999995,-0.012199999999999999,-0.0139,0.023399999999999997,0.0362,-0.0141,-0.0037,0.019799999999999998,-0.0141
1988-06,0.0337,0.0783,0.0783,-0.0208,0.0693,0.09519999999999999,0.0291,0.0323,0.0644,0.0278,0.0554,0.0717
1988-07,0.0131,0.001,-0.0192,0.0359,-0.0322,-0.0495,0.0015,-0.0022,-0.009300000000000001,0.0051,0.0025,-0.0209
1988-08,-0.0034000000000000002,-0.0638,-0.04650000000000001,-0.015,-0.037599999999999995,-0.0815,-0.028999999999999998,-0.0012,-0.0226,-0.0108,-0.0002,-0.024900000000000002
1988-09,0.0669,0.0366,0.0369,-0.024700000000000003,0.0301,0.028999999999999998,0.0707,0.026699999999999998,0.0814,0.037599999999999995,0.0388,0.0436
1988-10,0.0833,0.0321,0.006500000000000001,0.0189,0.0102,-0.0008,0.0297,0.025099999999999997,0.0139,0.0126,-0.002,0.0039000000000000003
1988-11,-0.012199999999999999,-0.0088,-0.0202,-0.0029,-0.026099999999999998,-0.0304,0.0005,-0.005,-0.027000000000000003,-0.0213,-0.026000000000000002,-0.013600000000000001
1988-12,0.0327,0.0039000000000000003,0.0246,0.0183,0.0483,0.0463,0.0125,0.0104,0.0159,0.0176,-0.0016,0.0287
1989-01,0.055999999999999994,0.0741,0.0662,0.0626,0.0949,0.071,0.0836,0.026699999999999998,0.061799999999999994,0.0681,0.0674,0.0708
1989-02,-0.0127,-0.027999999999999997,-0.0203,-0.0128,-0.0227,-0.0374,-0.0137,-0.0178,-0.0187,-0.0124,-0.0040999999999999995,-0.0073
1989-03,0.057,-0.0159,0.005,0.038900000000000004,0.0282,-0.053899999999999997,0.0529,0.0055000000000000005,0.0263,0.049100000000000005,0.0482,0.0144
1989-04,0.057999999999999996,0.0033,0.0548,0.024900000000000002,0.050199999999999995,0.052000000000000005,0.09539999999999998,0.0397,0.0535,0.054299999999999994,0.0385,0.059699999999999996
1989-05,0.0493,0.018600000000000002,0.0435,0.027000000000000003,0.021099999999999997,0.0239,0.0592,0.0528,0.0528,0.0337,0.0406,0.0453
1989-06,0.0144,0.014499999999999999,-0.0311,-0.0101,-0.0161,-0.0321,0.0018,0.0342,-0.0213,-0.029500000000000002,0.009300000000000001,0.005
1989-07,0.11900000000000001,0.0524,0.0779,0.037599999999999995,0.0721,0.0296,0.0913,0.0581,0.0917,0.13570000000000002,0.0809,0.0808
1989-08,-0.019799999999999998,0.0489,0.0341,0.0352,0.0676,0.0252,0.008,-0.008,0.026099999999999998,0.004,0.0199,0.053899999999999997
1989-09,-0.005699999999999999,-0.0466,-0.0218,0.013500000000000002,-0.035,-0.0281,0.0403,0.0048,-0.0235,0.023399999999999997,0.0209,0.0023
1989-10,-0.0245,-0.057300000000000004,-0.045899999999999996,0.0075,-0.0374,-0.0447,-0.0196,0.0101,-0.0403,0.0037,-0.0409,-0.0623
1989-11,0.0169,-0.011200000000000002,0.0334,0.039900000000000005,0.0241,-0.0203,0.021099999999999997,0.032400000000000005,0.012199999999999999,0.045599999999999995,-0.005,0.0076
1989-12,0.0139,-0.013500000000000002,0.0229,0.06,0.045700000000000005,-0.0102,0.058499999999999996,0.048,0.012199999999999999,0.0104,-0.025099999999999997,0.0005
1990-01,-0.0947,-0.0352,-0.056600000000000004,-0.042800000000000005,-0.0785,-0.0144,-0.1304,-0.0535,-0.0641,-0.073,-0.0962,-0.07629999999999999
1990-02,-0.0055000000000000005,0.050499999999999996,0.0274,0.0311,0.0213,0.0395,-0.0026,0.0021,0.019299999999999998,-0.0208,0.022799999999999997,0.0304
1990-03,0.0463,0.0288,0.0455,-0.0059,0.022099999999999998,0.04650000000000001,0.042199999999999994,-0.0075,0.0516,0.038,-0.016,0.0176
1990-04,-0.0017000000000000001,-0.0408,-0.03,-0.0358,-0.0217,-0.0196,-0.0329,-0.0552,-0.0208,0.0034000000000000002,-0.04190000000000001,-0.021
1990-05,0.0909,0.0775,0.07769999999999999,0.0605,0.0898,0.1242,0.092,0.054299999999999994,0.1153,0.1281,0.0926,0.0908
1990-06,0.0208,-0.022099999999999998,-0.0055000000000000005,-0.0204,-0.005600000000000001,-0.0134,-0.047400000000000005,0.0075,0.015300000000000001,0.044199999999999996,-0.0189,-0.0139
1990-07,-0.0079,-0.0345,-0.0006,0.083,0.0078000000000000005,-0.0767,-0.044199999999999996,0.009000000000000001,-0.0414,0.026699999999999998,-0.0472,-0.0166
1990-08,-0.0737,-0.1424,-0.11800000000000001,-0.013000000000000001,-0.1249,-0.1199,-0.1038,-0.0664,-0.1204,-0.0665,-0.1099,-0.11869999999999999
1990-09,-0.0407,-0.1063,-0.08539999999999999,-0.016200000000000003,-0.0668,-0.0653,0.0182,0.0048,-0.0877,-0.0432,-0.1142,-0.076
1990-10,0.025,-0.0329,-0.0375,-0.0397,0.0248,-0.0318,0.0302,0.0722,-0.0304,0.0146,-0.0716,-0.053899999999999997
1990-11,0.06559999999999999,0.0417,0.0676,0.016200000000000003,0.0876,0.11019999999999999,0.0212,0.0231,0.1043,0.0968,0.1429,0.050300000000000004
1990-12,0.044000000000000004,-0.0040999999999999995,0.054000000000000006,-0.0204,0.0388,0.0409,0.0151,0.0079,0.033,0.0287,0.0554,0.0538
1991-01,0.051,0.0737,0.0794,-0.0203,0.0258,0.1508,0.0002,-0.0137,0.09390000000000001,0.0478,0.0722,0.0771
1991-02,0.10310000000000001,0.1027,0.0588,0.08560000000000001,0.0574,0.059800000000000006,0.030299999999999997,0.0484,0.08349999999999999,0.1016,0.1082,0.08039999999999999
1991-03,0.0482,0.012199999999999999,0.015300000000000001,0.0129,0.0113,0.0023,0.023,0.0172,0.086,0.062400000000000004,0.0583,-0.017
1991-04,-0.009899999999999999,-0.022799999999999997,-0.0023,0.024,0.0225,-0.0277,0.0113,-0.0005,0.0202,-0.0121,0.0178,0.0055000000000000005
1991-05,0.0361,0.14880000000000002,0.0747,-0.014199999999999999,0.0789,0.0371,-0.0146,0.0015,0.07719999999999999,0.0447,0.0467,0.0552
1991-06,-0.0496,-0.0449,-0.0415,-0.0366,-0.0452,-0.08869999999999999,-0.0149,-0.023700000000000002,-0.0431,-0.04190000000000001,-0.053399999999999996,-0.0507
1991-07,0.057699999999999994,-0.0042,0.022099999999999998,0.050300000000000004,0.0513,0.047599999999999996,0.0311,0.039900000000000005,0.053099999999999994,0.0851,0.0575,0.0275
1991-08,0.0548,-0.0215,0.0202,0.0163,0.0152,0.0282,0.0066,0.0352,0.036000000000000004,0.029500000000000002,0.0446,0.0073
1991-09,-0.032400000000000005,-0.026699999999999998,-0.024900000000000002,-0.0068000000000000005,-0.0191,-0.0151,0.0037,0.037200000000000004,-0.0316,-0.0033,-0.0025,-0.0152
1991-10,-0.0054,-0.0199,0.0168,0.0206,0.0103,0.021099999999999997,0.019299999999999998,0.0125,-0.0194,0.0653,0.020499999999999997,0.0268
1991-11,-0.0042,-0.0802,-0.0581,-0.0775,-0.050300000000000004,-0.0431,-0.0475,0.019,-0.012,-0.0253,-0.052199999999999996,-0.0583
1991-12,0.1477,0.0761,0.1164,0.0215,0.1144,0.0933,0.09849999999999999,0.0501,0.1304,0.166,0.13369999999999999,0.1139
1992-01,-0.031200000000000002,0.105,0.0204,-0.041299999999999996,0.028999999999999998,0.0639,-0.0288,-0.045700000000000005,0.0028000000000000004,-0.054400000000000004,0.008,0.0463
1992-02,0.0105,0.12359999999999999,0.024900000000000002,-0.0054,0.015700000000000002,0.0383,-0.014499999999999999,-0.0124,0.0264,-0.0274,0.0292,0.0337
1992-03,-0.0151,0.008,-0.019799999999999998,-0.027200000000000002,0.0064,-0.0507,-0.0087,-0.0053,-0.013600000000000001,-0.0553,-0.009000000000000001,-0.0483
1992-04,0.0076,0.0795,0.0207,0.0946,0.0508,-0.0087,0.071,0.0269,-0.0351,-0.023,0.0095,-0.0014000000000000002
1992-05,0.0131,-0.019299999999999998,-0.0066,0.0315,-0.005,0.0016,-0.026099999999999998,0.0254,0.0024,0.0111,0.025099999999999997,-0.0079
1992-06,-0.0281,0.0218,-0.0213,-0.035,-0.0556,-0.0404,0.0149,0.0054,-0.0192,-0.0478,0.0121,-0.0285
1992-07,0.0467,0.003,0.019,0.0528,0.0513,0.028900000000000002,0.0546,0.0673,0.0383,0.0579,0.0345,0.0232
1992-08,0.0087,-0.09609999999999999,-0.0301,0.0255,-0.0463,-0.0437,-0.0097,-0.004699999999999999,-0.005,-0.0346,-0.033,-0.0385
1992-09,0.0106,0.001,0.0203,0.0013,0.0125,0.0334,0.0191,0.0083,0.0408,-0.048600000000000004,0.033,0.0374
1992-10,-0.008199999999999999,-0.0002,0.0032,-0.035,0.023700000000000002,0.019799999999999998,-0.0055000000000000005,-0.0042,0.0436,0.0334,0.0281,0.0332
1992-11,0.0362,0.0858,0.047,-0.0271,0.0231,0.06559999999999999,0.0388,-0.0023,0.0708,0.0484,0.0658,0.0507
1992-12,0.0005,0.0335,0.0207,0.0199,0.0008,0.0003,0.0564,0.0271,0.0060999999999999995,-0.013500000000000002,0.046,0.0189
1993-01,-0.008,0.0958,0.014499999999999999,0.0278,-0.0271,0.0482,0.013300000000000001,0.0246,0.0009,-0.0687,0.037200000000000004,0.025
1993-02,-0.021400000000000002,-0.003,0.015600000000000001,0.0602,0.0207,-0.004699999999999999,0.055999999999999994,0.0623,-0.0148,-0.0901,0.0091,-0.0105
1993-03,0.0,0.054000000000000006,0.026099999999999998,0.0409,0.0125,0.0227,0.0335,0.0176,0.0278,0.0073,0.043,0.0252
1993-04,-0.0932,0.024399999999999998,-0.0048,0.011000000000000001,0.0126,-0.0356,-0.0288,-0.0015,-0.0809,0.0129,-0.0378,-0.0206
1993-05,0.026699999999999998,0.011000000000000001,0.027999999999999997,0.0182,0.0129,0.0875,0.0416,-0.0004,0.0587,0.036000000000000004,0.004,0.046799999999999994
1993-06,-0.0069,0.0345,0.004699999999999999,-0.0111,-0.020099999999999996,-0.0053,0.0464,0.0319,-0.028900000000000002,-0.0298,0.0391,-0.0143
1993-07,-0.0236,0.0149,0.0022,0.004699999999999999,-0.009000000000000001,-0.0385,0.021400000000000002,0.0194,0.0073,-0.059800000000000006,0.0241,0.0115
1993-08,0.043,0.004699999999999999,0.039,0.042800000000000005,0.024700000000000003,0.0658,0.0525,0.037000000000000005,0.0393,0.030299999999999997,0.031200000000000002,0.0436
1993-09,-0.0184,0.01,-0.0171,0.0134,-0.0232,0.0118,-0.0048,-0.0064,-0.0038,0.0084,0.023799999999999998,0.0028000000000000004
1993-10,0.0604,0.07730000000000001,0.0235,-0.0197,0.0487,0.016200000000000003,0.0242,-0.0197,0.045899999999999996,0.0593,-0.0379,0.0148
1993-11,0.0069,0.0067,0.0123,-0.0599,0.0161,-0.0017000000000000001,-0.0596,-0.0552,0.0076,0.0098,-0.0384,-0.0044
1993-12,0.0147,0.0444,0.042199999999999994,0.006,0.0264,0.0298,-0.0053,0.0161,-0.018799999999999997,0.0232,0.0225,0.0316
1994-01,-0.0040999999999999995,0.0717,0.0412,0.048799999999999996,0.066,0.0464,0.0217,-0.012,0.011000000000000001,0.0174,0.041100000000000005,0.0492
1994-02,-0.0127,-0.0443,-0.0064,-0.0296,-0.0075,0.0175,-0.055,-0.049800000000000004,0.018799999999999997,-0.0542,-0.0403,-0.0342
1994-03,-0.0404,-0.06480000000000001,-0.0443,-0.0358,-0.0434,-0.038,-0.0361,-0.0394,-0.0484,-0.0675,-0.032400000000000005,-0.0666
1994-04,0.0123,-0.0059,-0.0139,0.04190000000000001,0.034300000000000004,-0.015,0.0159,0.0213,0.0021,0.0225,0.025099999999999997,-0.0132
1994-05,-0.013500000000000002,-0.0264,0.0194,0.009399999999999999,0.0227,0.0209,0.0163,-0.0536,-0.0181,0.0431,0.0436,-0.0015
1994-06,-0.019,-0.0342,-0.0232,-0.027000000000000003,-0.032400000000000005,-0.0513,0.0062,-0.0315,-0.0263,-0.0342,-0.0258,-0.0273
1994-07,0.0292,0.0348,0.048499999999999995,0.0325,0.0398,0.0379,0.031,0.0519,0.009399999999999999,0.011000000000000001,0.0281,0.0241
1994-08,0.0605,-0.0004,0.0385,-0.001,0.0678,0.0922,0.0102,0.0066,0.0441,0.10869999999999999,0.0354,0.0334
1994-09,-0.0032,-0.0506,-0.0182,-0.021,-0.0128,-0.0039000000000000003,-0.0115,-0.0279,-0.0232,0.0171,-0.047599999999999996,-0.0282
1994-10,0.022000000000000002,-0.0174,0.0018,0.07400000000000001,0.014499999999999999,0.071,-0.0013,0.0159,0.013000000000000001,0.0091,0.0032,-0.0058
1994-11,-0.0167,-0.0507,-0.0525,-0.048600000000000004,-0.0554,-0.0209,-0.0542,0.0028000000000000004,-0.0342,0.0043,-0.0536,-0.0472
1994-12,0.013300000000000001,0.0388,0.0455,-0.009899999999999999,0.027200000000000002,0.024700000000000003,0.0086,0.0034999999999999996,-0.027000000000000003,0.005699999999999999,0.0134,0.0155
1995-01,0.0181,-0.0575,-0.0021,0.0037,-0.0087,-0.008,0.0416,0.0622,0.0159,0.060599999999999994,0.056299999999999996,0.0229
1995-02,0.0294,0.0512,0.0587,0.045,0.04769999999999999,0.0668,0.0151,0.008199999999999999,0.026600000000000002,0.0232,0.049100000000000005,0.0471
1995-03,0.0276,0.0143,0.0321,0.0528,0.0425,0.0458,0.0024,-0.0175,0.0362,0.0277,0.0118,0.036699999999999997
1995-04,0.019,0.0144,0.026600000000000002,0.0222,0.0362,0.08259999999999999,0.016200000000000003,0.023799999999999998,-0.0172,0.03,0.0179,0.0174
1995-05,0.0475,0.048,0.0313,0.0408,0.0338,0.029300000000000003,0.0091,0.0604,0.026699999999999998,0.0163,0.0622,0.0008
1995-06,0.0168,0.0075,0.026699999999999998,-0.030699999999999998,0.0075,0.09720000000000001,0.0387,-0.0046,0.049400000000000006,0.044800000000000006,0.0177,0.034300000000000004
1995-07,0.0115,0.0246,0.045899999999999996,0.0229,0.0123,0.0771,0.0507,-0.0037,0.035699999999999996,0.0547,0.04190000000000001,0.0613
1995-08,0.0064,0.0079,-0.0029,-0.0158,-0.0003,0.0,0.0438,0.009899999999999999,-0.0271,0.0103,0.052000000000000005,0.0023
1995-09,0.0673,-0.0064,0.015,0.0129,0.0407,0.0126,0.0575,0.063,0.028900000000000002,0.0738,0.057699999999999994,0.0115
1995-10,0.0054,-0.049,-0.026699999999999998,-0.0026,-0.0259,0.0149,0.0015,0.0148,-0.0548,0.0103,-0.0192,-0.0218
1995-11,0.0452,0.055,0.064,0.0479,0.0646,-0.0046,0.0279,0.0158,0.061399999999999996,0.0493,0.0674,0.0436
1995-12,0.0151,0.030600000000000002,0.019,0.057999999999999996,0.0048,-0.0412,0.0412,0.051,-0.0084,0.058899999999999994,0.0124,0.0053
1996-01,0.026099999999999998,0.0347,0.0273,-0.0040999999999999995,0.047599999999999996,0.019799999999999998,0.022799999999999997,0.018600000000000002,-0.003,0.0605,0.0383,0.0259
1996-02,0.0322,0.0203,0.005600000000000001,0.0102,0.0173,0.0633,-0.023799999999999998,-0.026699999999999998,0.0441,-0.011200000000000002,0.0212,0.022799999999999997
1996-03,-0.0084,0.0434,0.0288,0.0501,0.0475,-0.0335,-0.020099999999999996,-0.0052,0.059699999999999996,0.0021,0.0102,0.0395
1996-04,0.0017000000000000001,0.036000000000000004,0.024900000000000002,0.0345,-0.0033,0.09699999999999999,0.0288,-0.026600000000000002,0.042699999999999995,-0.0060999999999999995,-0.0105,0.036699999999999997
1996-05,0.0655,0.022400000000000003,0.028900000000000002,0.0052,0.0078000000000000005,0.0388,-0.0002,0.0132,0.043899999999999995,0.0391,0.0143,0.0172
1996-06,0.032,-0.0483,-0.0033,0.0097,-0.0067,-0.0473,0.0055000000000000005,0.0527,-0.0171,-0.0025,0.0069,-0.0263
1996-07,-0.0405,-0.0454,-0.0446,-0.0463,-0.028300000000000002,-0.0739,-0.0849,-0.0581,-0.0762,-0.0625,-0.0245,-0.0855
1996-08,-0.008100000000000001,0.0301,0.0345,0.0294,0.024,0.0438,-0.0132,0.028900000000000002,0.060700000000000004,0.0431,0.0425,0.031200000000000002
1996-09,0.0375,0.0137,0.058899999999999994,0.0401,0.068,0.10710000000000001,0.016200000000000003,0.0068000000000000005,0.0368,0.0736,0.0583,0.0317
1996-10,0.0155,0.0322,0.0144,0.0596,0.0218,-0.0187,-0.0031,0.0361,-0.0229,-0.0085,0.0546,-0.0022
1996-11,0.0516,0.0604,0.061900000000000004,0.0554,0.057699999999999994,0.12,0.054900000000000004,0.026000000000000002,0.0311,0.0661,0.08380000000000001,0.0479
1996-12,0.005,-0.0226,0.001,0.0079,-0.0158,-0.0277,0.028999999999999998,0.0013,-0.034300000000000004,-0.0262,-0.016399999999999998,-0.0227
1997-01,0.0575,0.029900000000000003,0.0391,0.0435,0.049,0.0929,0.0229,0.0092,0.001,0.09570000000000001,0.06559999999999999,0.0443
1997-02,0.0415,0.0055000000000000005,0.0026,-0.0574,0.0173,-0.07400000000000001,0.025699999999999997,-0.005699999999999999,0.0316,0.009300000000000001,0.0393,-0.015600000000000001
1997-03,-0.0524,-0.0332,-0.038900000000000004,0.052300000000000006,-0.029900000000000003,-0.0564,-0.0783,-0.0279,-0.014499999999999999,-0.0748,-0.0653,-0.0368
1997-04,0.053099999999999994,0.0381,0.053200000000000004,0.0003,0.054900000000000004,0.0774,0.024900000000000002,-0.0139,0.021099999999999997,0.060700000000000004,0.0602,0.0226
1997-05,0.0593,0.063,0.08449999999999999,0.0732,0.0621,0.1015,0.06559999999999999,0.0363,0.0603,0.0701,0.0567,0.0725
1997-06,0.0358,0.0335,0.052000000000000005,0.0128,0.052199999999999996,0.0141,0.0346,0.031400000000000004,0.051,0.08869999999999999,0.06,0.027999999999999997
1997-07,0.0334,0.0746,0.0708,0.07429999999999999,0.0745,0.1602,0.0225,0.028300000000000002,0.078,0.021,0.1051,0.0536
1997-08,-0.0641,0.0123,-0.0471,0.0029,-0.0728,-0.013999999999999999,-0.0241,-0.0116,-0.0252,-0.061,-0.0562,-0.018600000000000002
1997-09,0.0554,0.0519,0.0387,0.0625,0.0208,0.0341,0.0965,0.0462,0.053,0.0661,0.0821,0.0742
1997-10,-0.0315,-0.0337,-0.0669,-0.0202,-0.035,-0.08259999999999999,0.0288,0.0089,-0.0197,0.0009,-0.021099999999999997,-0.05
1997-11,0.0646,-0.014199999999999999,0.0382,-0.0348,0.0528,0.014499999999999999,0.10679999999999999,0.0718,0.053099999999999994,0.0277,0.0354,0.0105
1997-12,0.0377,0.0363,-0.010700000000000001,-0.0146,0.0179,-0.0424,0.0416,0.0801,-0.0015,0.0352,0.0579,0.032400000000000005
1998-01,-0.0273,0.0049,0.0172,-0.056600000000000004,-0.0194,0.0529,0.0509,-0.0438,0.009000000000000001,0.056600000000000004,-0.0264,0.0017000000000000001
1998-02,0.0496,0.1229,0.0653,0.0679,0.08560000000000001,0.10300000000000001,0.0241,0.0264,0.1038,0.0553,0.0891,0.0616
1998-03,0.0588,0.061799999999999994,0.051500000000000004,0.048,0.0392,0.013000000000000001,0.1009,0.067,0.0679,0.0358,0.058899999999999994,0.0587
1998-04,-0.032400000000000005,0.018000000000000002,0.011200000000000002,0.0374,0.0147,0.052199999999999996,-0.0321,-0.024900000000000002,-0.0063,0.0191,0.0209,0.0171
1998-05,0.011000000000000001,0.061500000000000006,-0.0383,-0.042699999999999995,0.0097,-0.0705,-0.0182,-0.0109,0.0212,-0.025,-0.023,-0.0557
1998-06,0.0414,0.011200000000000002,-0.0116,-0.0124,0.0031,0.0877,0.029300000000000003,0.03,0.0526,0.062,0.037000000000000005,0.011699999999999999
1998-07,-0.0414,-0.0104,-0.048499999999999995,-0.0649,-0.0805,0.0055000000000000005,0.0382,-0.0541,-0.0292,-0.0026,-0.0116,-0.0369
1998-08,-0.131,-0.18960000000000002,-0.1564,-0.1039,-0.1082,-0.17679999999999998,-0.12359999999999999,0.0196,-0.142,-0.12369999999999999,-0.21969999999999998,-0.1949
1998-09,0.0126,0.008,0.0191,0.1295,-0.024700000000000003,0.1512,0.1027,0.0817,0.0148,0.1209,0.024300000000000002,0.0521
1998-10,0.1099,0.1063,0.11199999999999999,0.0116,0.11460000000000001,0.0625,0.0674,-0.0177,0.1069,0.0383,0.0909,0.056600000000000004
1998-11,0.0641,0.0524,0.0405,0.0060999999999999995,0.0213,0.11689999999999999,0.0366,0.013300000000000001,0.0946,0.061900000000000004,0.061900000000000004,0.0559
1998-12,0.0033,0.0374,0.0329,-0.0124,0.0002,0.1519,0.1439,0.0286,0.0922,0.049400000000000006,0.031200000000000002,0.0432
1999-01,-0.0347,0.049,0.0226,-0.049699999999999994,-0.0395,0.1512,0.0913,-0.0625,0.0218,0.0028000000000000004,0.0033,0.030299999999999997
1999-02,-0.039900000000000005,-0.045,-0.030899999999999997,-0.0326,0.0067,-0.1157,-0.028900000000000002,-0.0363,-0.0134,0.0017000000000000001,0.0063,-0.0209
1999-03,-0.0203,-0.0037,0.0455,0.1528,0.0575,0.08539999999999999,-0.0068000000000000005,-0.016399999999999998,0.027000000000000003,0.025099999999999997,0.0297,0.0048
1999-04,0.0391,0.0941,0.087,0.1577,0.1149,0.0226,0.0775,0.0735,0.0038,-0.0553,0.0635,0.078
1999-05,0.0137,-0.0447,-0.0291,-0.031,-0.0435,-0.0083,0.0066,0.0673,-0.0298,-0.0203,-0.0384,-0.04
1999-06,0.0026,0.009300000000000001,0.058499999999999996,-0.0148,0.009000000000000001,0.1159,0.0588,-0.0449,0.08070000000000001,0.0443,0.028300000000000002,0.0374
1999-07,-0.024399999999999998,-0.0603,-0.0149,0.016399999999999998,-0.0026,-0.0171,-0.0172,-0.0058,-0.05,-0.044000000000000004,-0.057300000000000004,-0.0672
1999-08,-0.045899999999999996,0.006,-0.0034999999999999996,0.0192,-0.0101,0.055,-0.0825,0.0058,-0.0596,0.037599999999999995,-0.0512,-0.0479
1999-09,-0.0691,-0.0837,-0.015600000000000001,-0.039599999999999996,-0.0751,-0.0003,0.04650000000000001,-0.042800000000000005,0.0127,-0.0707,-0.0558,-0.0127
1999-10,0.066,0.046,0.049400000000000006,-0.015700000000000002,0.0797,0.0301,0.083,0.0216,0.0321,0.1073,0.1402,0.0262
1999-11,-0.011000000000000001,-0.022000000000000002,-0.0151,0.0381,0.0052,0.1275,0.0461,-0.0736,0.0415,0.0152,-0.0365,0.019799999999999998
1999-12,-0.0264,0.0275,0.12050000000000001,0.0063,0.054000000000000006,0.2076,0.0453,-0.023700000000000002,0.0676,-0.0562,-0.0108,0.10300000000000001
2000-01,-0.0472,-0.013300000000000001,-0.0876,0.0128,-0.0837,-0.0528,-0.0385,0.0554,-0.1101,0.07629999999999999,-0.0449,-0.0513
2000-02,-0.06269999999999999,-0.08810000000000001,-0.0154,-0.055999999999999994,-0.10189999999999999,0.1794,-0.0369,-0.0707,-0.0395,-0.025099999999999997,-0.08800000000000001,-0.017
2000-03,0.07429999999999999,0.10890000000000001,0.1106,0.1192,-0.0388,0.042199999999999994,0.0827,0.058899999999999994,0.13390000000000002,-0.0003,0.16949999999999998,0.0521
2000-04,-0.0196,0.08689999999999999,0.018000000000000002,-0.0231,0.0019,-0.1052,-0.0833,0.0742,-0.044800000000000006,0.0504,-0.0369,-0.0033
2000-05,0.071,-0.1231,-0.0269,0.09390000000000001,0.0197,-0.10859999999999999,-0.09970000000000001,0.039599999999999996,-0.028300000000000002,0.037200000000000004,0.049699999999999994,-0.0202
2000-06,0.0218,-0.08990000000000001,-0.002,-0.050499999999999996,-0.051399999999999994,0.1261,0.039900000000000005,-0.046799999999999994,-0.022099999999999998,0.1099,-0.042800000000000005,0.0123
2000-07,0.0072,0.0473,-0.017,-0.0268,-0.0091,-0.0516,-0.0674,0.0387,-0.012199999999999999,-0.06509999999999999,0.0863,-0.0034999999999999996
2000-08,-0.0208,0.054400000000000004,0.09699999999999999,0.0875,0.0232,0.127,-0.0149,0.1166,-0.024,0.035,0.1011,0.0755
2000-09,0.0373,-0.0416,-0.0776,0.045599999999999995,-0.0078000000000000005,-0.1479,-0.044500000000000005,0.08800000000000001,0.026600000000000002,0.036699999999999997,0.0248,-0.0392
2000-10,0.0748,0.0255,0.0203,-0.0281,0.0641,-0.0747,-0.0017000000000000001,-0.0167,-0.0175,0.0206,-0.0053,-0.029300000000000003
2000-11,0.027000000000000003,-0.1114,-0.0518,-0.0252,0.0137,-0.2321,-0.1653,0.0296,-0.0104,0.0075,-0.0512,-0.0802
2000-12,0.054400000000000004,0.0008,0.066,0.075,0.0768,-0.0806,-0.042699999999999995,0.0647,0.0567,0.0349,0.098,-0.005699999999999999
2001-01,-0.0218,0.1305,0.015600000000000001,-0.034300000000000004,-0.059000000000000004,0.1623,0.155,-0.1023,0.0641,-0.0851,-0.0046,0.032400000000000005
2001-02,0.0014000000000000002,-0.0125,-0.048799999999999996,-0.0003,-0.0152,-0.2611,-0.10300000000000001,0.061799999999999994,-0.0533,-0.0054,-0.0507,-0.0246
2001-03,-0.0478,-0.0333,-0.058499999999999996,-0.001,-0.0646,-0.1389,-0.06,0.0105,-0.0287,-0.0859,-0.0332,-0.073
2001-04,0.0092,0.087,0.0968,0.1002,0.0313,0.18,0.0401,0.0541,0.055999999999999994,0.0425,0.040999999999999995,0.1093
2001-05,0.034,-0.015600000000000001,0.018600000000000002,0.001,0.0279,-0.0326,-0.0163,0.004699999999999999,0.0161,0.0277,0.036699999999999997,0.0366
2001-06,-0.0152,0.0379,-0.061900000000000004,-0.0746,-0.013000000000000001,0.013999999999999999,-0.0268,-0.061500000000000006,-0.0258,-0.0298,0.0069,-0.0177
2001-07,-0.0054,0.0326,0.004,-0.0223,0.0086,-0.0754,-0.0096,-0.0384,0.0455,0.022799999999999997,-0.0063,-0.061500000000000006
2001-08,0.0199,-0.1005,-0.0331,-0.035,0.005699999999999999,-0.1263,-0.0864,0.0053,-0.0692,-0.031,-0.0526,-0.0516
2001-09,-0.0352,-0.1727,-0.15960000000000002,-0.061799999999999994,-0.051100000000000007,-0.1905,-0.0235,-0.066,-0.0951,-0.0063,-0.0553,-0.1399
2001-10,0.0128,0.010700000000000001,0.0481,0.051399999999999994,0.0215,0.1574,-0.09570000000000001,0.0176,0.015700000000000002,0.0126,-0.015300000000000001,0.0070999999999999995
2001-11,0.0258,0.1501,0.0882,-0.0421,0.0767,0.1597,0.058499999999999996,-0.0143,0.0981,0.050199999999999995,0.0673,0.08410000000000001
2001-12,0.0189,-0.0084,0.0395,0.059699999999999996,-0.0016,-0.0068000000000000005,0.026000000000000002,0.0404,0.0434,-0.0282,0.0315,0.052199999999999996
2002-01,0.0087,0.0285,0.02,-0.0287,0.005699999999999999,-0.004699999999999999,-0.07150000000000001,-0.0433,0.026099999999999998,-0.0241,-0.011899999999999999,-0.0269
2002-02,0.0424,0.0327,0.045899999999999996,0.0556,0.038599999999999995,-0.1318,-0.0275,-0.0036,-0.0015,-0.0045000000000000005,-0.0111,0.02
2002-03,0.038,0.0689,0.0489,0.07690000000000001,0.05,0.0649,0.0036,0.10289999999999999,0.0209,0.0054,0.0629,0.0248
2002-04,0.0212,0.019299999999999998,-0.0103,-0.0455,-0.0256,-0.11900000000000001,-0.1276,-0.0042,-0.016200000000000003,-0.0755,-0.0102,-0.0762
2002-05,0.0127,-0.0043,-0.0084,-0.0074,0.010700000000000001,-0.0355,0.03,-0.0692,-0.0144,-0.022799999999999997,-0.0016,-0.0174
2002-06,-0.0605,-0.0816,-0.0369,0.0001,-0.013999999999999999,-0.122,-0.14400000000000002,-0.0581,-0.051,-0.0953,-0.047599999999999996,-0.0613
2002-07,-0.0663,-0.1192,-0.10099999999999999,-0.1183,-0.050499999999999996,-0.0968,-0.1167,-0.12140000000000001,-0.1143,-0.0276,-0.0703,-0.046
2002-08,0.0225,0.0062,-0.0276,0.0063,0.0174,-0.0095,0.002,0.034,0.0184,0.006500000000000001,0.0225,-0.0197
2002-09,-0.07730000000000001,-0.109,-0.09789999999999999,-0.0785,-0.0547,-0.16670000000000001,-0.09849999999999999,-0.10880000000000001,-0.0944,-0.058899999999999994,-0.1041,-0.1108
2002-10,0.0506,-0.0271,0.0403,0.031400000000000004,0.033,0.1945,0.2194,-0.0060999999999999995,0.0572,0.056799999999999996,0.0728,0.0384
2002-11,-0.0109,0.1199,0.08410000000000001,0.0302,0.0213,0.16329999999999997,0.11810000000000001,0.0158,0.019,0.0378,0.0322,0.0713
2002-12,-0.0023,-0.0652,-0.050300000000000004,0.0084,-0.013600000000000001,-0.12960000000000002,-0.0951,0.0383,-0.0699,-0.0409,-0.0425,-0.06280000000000001
2003-01,-0.0393,-0.034,-0.0444,-0.025,-0.0336,-0.0151,-0.041100000000000005,-0.0321,-0.047599999999999996,-0.006,-0.0161,-0.0462
2003-02,-0.0288,-0.0479,-0.0182,0.0195,-0.031400000000000004,0.011899999999999999,-0.0645,-0.0398,-0.0121,-0.0196,-0.0326,-0.0101
2003-03,-0.0262,-0.025699999999999997,-0.0116,0.015,0.0616,-0.0095,-0.0043,0.0431,0.046799999999999994,0.0373,0.0021,0.0341
2003-04,0.0438,0.1505,0.0672,-0.004699999999999999,0.0554,0.0924,0.11259999999999999,0.0723,0.0897,0.042699999999999995,0.1114,0.1291
2003-05,0.09539999999999998,0.0286,0.0621,0.0866,0.0181,0.09759999999999999,0.0632,0.1016,0.0348,0.0394,0.056100000000000004,0.0431
2003-06,0.0166,0.0242,0.0182,-0.0096,-0.0191,0.0034000000000000002,0.0209,0.0106,0.0344,0.0416,0.0064,0.0165
2003-07,-0.0169,0.0667,0.0596,-0.0262,0.0298,0.0559,-0.0171,-0.054299999999999994,0.0329,0.0048,0.0437,0.0167
2003-08,0.0029,0.0803,0.057,0.061900000000000004,0.008,0.060899999999999996,0.0126,0.0192,0.0673,-0.0282,-0.0053,0.037200000000000004
2003-09,0.011399999999999999,-0.0421,-0.052199999999999996,-0.0218,-0.005600000000000001,-0.009300000000000001,-0.0552,0.0384,-0.0454,0.003,0.0058,-0.0058
2003-10,0.0593,0.0731,0.1059,0.0165,0.0541,0.08259999999999999,0.0683,0.0151,0.09029999999999999,0.0087,0.0696,0.047599999999999996
2003-11,0.0359,0.030699999999999998,0.026699999999999998,0.006500000000000001,0.008100000000000001,0.018600000000000002,-0.0063,0.0095,0.005600000000000001,0.0182,0.0096,0.0167
2003-12,0.0344,0.11900000000000001,0.0725,0.136,0.0559,0.021400000000000002,0.0757,0.058600000000000006,-0.0213,0.0564,0.0414,0.0462
2004-01,0.0006,-0.0076,-0.0086,0.0023,-0.0034000000000000002,0.044800000000000006,0.0165,0.0191,0.0045000000000000005,0.031,0.0339,0.0166
2004-02,0.0426,0.0,0.0154,0.0454,0.0292,-0.029300000000000003,-0.0042,0.021099999999999997,0.061,0.0089,0.028900000000000002,0.0003
2004-03,-0.0009,-0.013600000000000001,-0.005699999999999999,0.0002,0.0036,-0.025099999999999997,-0.0203,0.011399999999999999,0.0028000000000000004,-0.0391,-0.0070999999999999995,-0.0055000000000000005
2004-04,0.0141,0.0246,-0.0087,0.026600000000000002,0.013500000000000002,-0.0492,-0.0043,-0.035699999999999996,-0.027200000000000002,0.0351,-0.0426,-0.021
2004-05,-0.0191,-0.016399999999999998,0.018600000000000002,0.0055000000000000005,0.0125,0.048600000000000004,-0.0296,0.0126,0.003,-0.0042,0.015600000000000001,0.0209
2004-06,0.0167,0.053399999999999996,0.0616,0.0546,0.0345,0.026600000000000002,0.008,0.0203,0.0003,-0.005,0.0054,0.0337
2004-07,-0.059699999999999996,-0.0464,-0.0395,0.0332,-0.042800000000000005,-0.0852,-0.01,0.0106,-0.0403,-0.0593,-0.0223,-0.025099999999999997
2004-08,0.0079,-0.0223,0.0002,-0.0138,0.042699999999999995,-0.0452,0.011699999999999999,0.036699999999999997,-0.012,0.016399999999999998,0.031200000000000002,-0.0076
2004-09,-0.0202,0.023,0.0292,0.0882,-0.0015,0.0344,0.013300000000000001,0.0138,0.026099999999999998,-0.0141,0.0012,0.0329
2004-10,0.028399999999999998,-0.03,-0.0132,0.0064,-0.0174,0.051399999999999994,0.0331,0.0424,0.030600000000000002,-0.024300000000000002,0.0062,0.0213
2004-11,0.0461,0.0727,0.07780000000000001,0.0658,0.059800000000000006,0.0572,0.0363,0.0489,0.036699999999999997,0.0067,0.0461,0.048600000000000004
2004-12,0.04769999999999999,0.048799999999999996,0.0209,-0.0231,0.0348,0.030899999999999997,0.0418,0.0248,0.035,0.056600000000000004,0.0416,0.0489
2005-01,0.0023,-0.0702,-0.0203,0.030299999999999997,-0.0115,-0.0635,-0.0424,0.0176,-0.0103,-0.0408,-0.0208,-0.0235
2005-02,0.0073,-0.0025,0.0403,0.1945,0.0416,0.0002,-0.0044,0.0236,0.0063,0.024399999999999998,-0.0025,0.0096
2005-03,-0.0085,-0.08,-0.0159,-0.0344,-0.009399999999999999,-0.0255,-0.0004,0.0060999999999999995,0.0022,-0.0048,-0.0323,-0.0064
2005-04,-0.0096,-0.1105,-0.0508,-0.056100000000000004,-0.0381,-0.0449,-0.02,0.0213,-0.0528,0.0395,-0.0087,-0.030299999999999997
2005-05,0.0233,0.08810000000000001,0.0403,0.021,0.005,0.0823,0.015,0.0166,0.0643,0.0148,0.0332,0.031
2005-06,-0.0167,0.021,-0.006999999999999999,0.0576,-0.0219,-0.0169,0.0019,0.0556,0.024399999999999998,-0.0058,0.0242,-0.005
2005-07,0.0271,0.0542,0.06559999999999999,0.058899999999999994,0.0432,0.0608,0.0313,0.0298,0.0583,0.037200000000000004,0.0174,0.038599999999999995
2005-08,0.0008,-0.0287,-0.0042,0.0581,-0.0338,-0.0038,-0.012,0.0125,-0.055999999999999994,-0.0031,-0.014499999999999999,-0.0206
2005-09,0.0037,-0.0434,0.0109,0.0726,0.0031,0.006999999999999999,-0.0147,0.0438,-0.018000000000000002,-0.019299999999999998,0.011699999999999999,0.0124
2005-10,-0.015,-0.0521,-0.0318,-0.1016,-0.0060999999999999995,-0.0177,-0.030299999999999997,-0.06849999999999999,0.0154,-0.0326,0.025099999999999997,-0.0132
2005-11,0.009899999999999999,0.022099999999999998,0.066,0.0101,0.027000000000000003,0.0653,0.0264,-0.0022,0.0394,0.0159,0.0449,0.056799999999999996
2005-12,-0.0007000000000000001,-0.006500000000000001,0.0155,0.0044,0.012,-0.0196,-0.0173,0.0124,-0.0059,0.024,0.0031,0.0
2006-01,0.001,0.0579,0.0625,0.12539999999999998,0.028999999999999998,0.039900000000000005,0.038599999999999995,0.030299999999999997,0.020099999999999996,0.0219,0.0129,0.023
2006-02,0.0115,-0.0038,0.013500000000000002,-0.0814,0.0031,-0.0101,0.033,0.0023,0.013999999999999999,0.0105,0.016,-0.002
2006-03,0.0124,0.026600000000000002,0.0436,0.04,0.0011,0.028900000000000002,0.018000000000000002,-0.0365,0.024300000000000002,-0.0101,0.0064,0.043
2006-04,0.0105,0.0028000000000000004,0.0475,0.0452,0.0258,-0.011399999999999999,0.0147,0.0182,-0.0158,-0.018600000000000002,0.0281,0.0085
2006-05,0.0106,0.0063,-0.0344,-0.0346,-0.0313,-0.069,0.0,0.0151,-0.0187,-0.022000000000000002,-0.036000000000000004,-0.0215
2006-06,0.003,0.0187,-0.0063,0.0273,-0.002,-0.014199999999999999,0.029500000000000002,0.0242,0.0029,-0.0011,-0.0043,-0.0025
2006-07,0.0355,-0.0301,-0.0454,0.0506,-0.016,-0.0381,0.024399999999999998,0.0483,-0.0429,0.0412,0.0138,-0.053
2006-08,0.030600000000000002,0.023700000000000002,0.0034000000000000002,-0.032400000000000005,0.0584,0.07429999999999999,0.022799999999999997,0.022799999999999997,0.0222,0.0233,0.015,0.022400000000000003
2006-09,-0.006500000000000001,0.042199999999999994,0.019799999999999998,-0.0381,0.0168,0.0363,0.0366,-0.0212,0.056900000000000006,0.015300000000000001,0.0359,0.024300000000000002
2006-10,0.0281,0.0496,0.0454,0.052000000000000005,0.0417,0.0409,0.052000000000000005,0.0536,0.0392,0.017,0.020099999999999996,0.0484
2006-11,0.014499999999999999,0.018000000000000002,0.0463,0.0859,0.0125,0.030699999999999998,0.0063,0.030600000000000002,-0.0123,0.0007000000000000001,0.009000000000000001,0.0292
2006-12,0.0202,-0.008100000000000001,0.0005,-0.019299999999999998,0.015,-0.0095,0.0433,0.0073,0.0146,0.0013,0.0375,0.0207
2007-01,0.0154,0.0291,0.032799999999999996,-0.013300000000000001,0.028999999999999998,0.019799999999999998,0.0273,0.0048,0.0364,0.0351,0.0037,0.024
2007-02,-0.0149,-0.004,0.009300000000000001,-0.0212,0.0022,-0.0235,-0.0278,0.0416,-0.0068000000000000005,-0.0285,-0.0252,-0.018500000000000003
2007-03,0.0265,-0.011000000000000001,0.02,0.059000000000000004,0.0087,0.0087,0.0231,0.0433,0.008,-0.0025,-0.0037,-0.0003
2007-04,0.0362,0.0621,0.054000000000000006,0.0513,0.0232,0.0487,0.0174,0.0392,0.022799999999999997,0.0678,0.0364,0.0265
2007-05,0.0288,0.0317,0.0617,0.07150000000000001,0.0172,0.039,0.0731,0.011899999999999999,0.0236,0.011399999999999999,0.0281,0.0388
2007-06,-0.0106,0.018799999999999997,-0.0059,0.0086,-0.0088,0.0053,-0.018000000000000002,-0.0482,-0.0197,-0.0337,-0.0368,-0.0102
2007-07,-0.0415,-0.057999999999999996,-0.0006,-0.011000000000000001,0.0005,-0.0103,-0.0311,-0.0373,-0.053200000000000004,-0.04019999999999999,-0.07429999999999999,-0.01
2007-08,0.0182,-0.0179,-0.002,0.0023,0.027000000000000003,0.0288,-0.0086,0.0184,0.015300000000000001,0.0232,0.0161,0.0045000000000000005
2007-09,0.04,0.0172,0.05,0.0784,0.064,0.04190000000000001,0.020499999999999997,0.0348,-0.006500000000000001,0.0354,0.0189,0.0398
2007-10,0.0218,0.0095,0.0043,0.0279,0.0217,0.0678,-0.0218,0.06559999999999999,0.011699999999999999,0.0141,-0.0144,0.0338
2007-11,0.0085,-0.08960000000000001,-0.0408,-0.0434,0.0040999999999999995,-0.0756,-0.0625,-0.0070999999999999995,-0.0373,0.0001,-0.062,-0.055099999999999996
2007-12,-0.0101,-0.0216,0.0069,0.077,0.0163,0.0147,-0.0025,0.009000000000000001,-0.0268,-0.0395,-0.041299999999999996,-0.0233
2008-01,-0.0519,-0.052000000000000005,-0.0748,-0.0911,-0.0732,-0.1242,-0.07780000000000001,-0.0693,-0.004699999999999999,-0.0461,-0.011200000000000002,-0.0362
2008-02,-0.0013,-0.06,-0.0017000000000000001,0.0694,0.026099999999999998,-0.0359,-0.0385,-0.030299999999999997,-0.04650000000000001,-0.009300000000000001,-0.1081,-0.0271
2008-03,0.0118,-0.0414,-0.0087,-0.028900000000000002,0.0128,0.0070999999999999995,-0.0005,0.008100000000000001,0.018500000000000003,-0.0177,-0.0393,0.0124
2008-04,-0.0115,0.06559999999999999,0.063,0.1063,0.026600000000000002,0.065,0.0462,0.0639,0.0501,0.0043,0.055099999999999996,0.0033
2008-05,0.0338,0.013300000000000001,0.042,0.042800000000000005,0.0149,0.056900000000000006,0.0479,0.0359,0.011899999999999999,0.016200000000000003,-0.042300000000000004,0.0060999999999999995
2008-06,-0.07339999999999999,-0.195,-0.10800000000000001,0.0282,-0.058899999999999994,-0.0888,-0.1092,-0.0040999999999999995,-0.0809,-0.0301,-0.1754,-0.1036
2008-07,0.0226,-0.0066,-0.0206,-0.1566,0.0331,-0.0060999999999999995,-0.030899999999999997,-0.071,0.011399999999999999,0.0675,0.0721,0.002
2008-08,0.0172,0.0166,0.0148,-0.0004,0.0131,0.024,0.04,-0.0046,0.053899999999999997,0.0177,0.0039000000000000003,0.0115
2008-09,-0.0296,-0.08990000000000001,-0.1582,-0.12119999999999999,-0.0924,-0.1251,-0.1261,-0.1184,-0.0576,-0.059500000000000004,-0.048799999999999996,-0.0858
2008-10,-0.1341,-0.3362,-0.2371,-0.1678,-0.1558,-0.1808,-0.1553,-0.1112,-0.1508,-0.1103,-0.2018,-0.19260000000000002
2008-11,-0.0437,-0.10710000000000001,-0.0796,0.0014000000000000002,-0.0723,-0.1081,-0.0158,0.0126,-0.0768,-0.0733,-0.1423,-0.0944
2008-12,0.0087,0.0017000000000000001,0.037000000000000005,-0.024300000000000002,-0.0217,0.0206,0.0347,-0.0204,0.0489,0.0674,0.015300000000000001,-0.0009
2009-01,-0.050499999999999996,-0.12689999999999999,-0.0947,-0.0353,-0.08810000000000001,-0.031400000000000004,-0.1032,-0.0084,-0.0761,-0.022000000000000002,-0.2079,-0.1277
2009-02,-0.0766,-0.12140000000000001,-0.15839999999999999,-0.1251,-0.09759999999999999,-0.0508,-0.0695,-0.1252,-0.0305,-0.1082,-0.15410000000000001,-0.1336
2009-03,0.0644,0.12210000000000001,0.08689999999999999,0.039599999999999996,0.059800000000000006,0.11539999999999999,0.0795,0.0282,0.0998,0.0741,0.1475,0.1067
2009-04,0.049699999999999994,0.4432,0.2094,0.0454,0.11019999999999999,0.12380000000000001,0.0965,0.0209,0.09539999999999998,-0.009399999999999999,0.17120000000000002,0.1474
2009-05,0.0716,-0.0322,0.0512,0.105,0.0617,0.0302,0.0105,0.0464,-0.009300000000000001,0.0621,0.1001,0.0318
2009-06,0.006500000000000001,0.044000000000000004,-0.0118,-0.0478,-0.027000000000000003,0.044800000000000006,0.0165,0.0464,-0.0029,0.0361,-0.018000000000000002,-0.0212
2009-07,0.0731,0.19760000000000003,0.107,0.0535,0.1246,0.0814,0.0554,0.0441,0.0677,0.0548,0.0866,0.09910000000000001
2009-08,0.0074,0.025,0.0475,0.0078000000000000005,-0.0016,0.023,0.0073,0.0025,0.0371,0.022000000000000002,0.0999,0.0395
2009-09,0.042300000000000004,0.021,0.0646,0.0512,0.0663,0.052199999999999996,0.0649,0.022400000000000003,0.024,0.0218,0.013600000000000001,0.0616
2009-10,-0.0062,-0.0060999999999999995,-0.037200000000000004,0.0248,-0.0129,-0.0148,-0.0398,-0.0271,0.0004,-0.0347,-0.0495,-0.061799999999999994
2009-11,0.038599999999999995,0.10369999999999999,0.0721,0.0322,0.0833,0.0487,0.0684,0.0458,0.05,0.08070000000000001,0.0466,0.07780000000000001
2009-12,0.0264,0.0565,0.0467,-0.0052,-0.0033,0.059699999999999996,0.0642,0.0587,0.0195,0.024700000000000003,0.0055000000000000005,0.014199999999999999
2010-01,-0.024,-0.004,-0.0446,-0.048499999999999995,-0.0116,-0.0788,-0.0677,-0.044500000000000005,-0.0183,-0.0001,-0.006500000000000001,-0.0029
2010-02,0.026600000000000002,0.0739,0.058499999999999996,0.0259,0.0405,0.0483,0.0276,-0.0042,0.0429,0.0038,0.0291,0.0464
2010-03,0.057999999999999996,0.09380000000000001,0.078,0.032,0.0408,0.0667,0.07629999999999999,0.031200000000000002,0.0625,0.0363,0.08310000000000001,0.0776
2010-04,-0.0102,0.0727,0.0416,0.0408,0.013000000000000001,0.0229,0.0341,0.0285,0.0252,-0.0218,0.0113,0.0288
2010-05,-0.057300000000000004,-0.0907,-0.0926,-0.1023,-0.0679,-0.07780000000000001,-0.058499999999999996,-0.063,-0.0541,-0.0808,-0.0909,-0.0816
2010-06,-0.0191,-0.10679999999999999,-0.0649,-0.0626,-0.0447,-0.0617,-0.0384,-0.0070999999999999995,-0.0911,-0.0166,-0.0722,-0.0533
2010-07,0.0736,0.15380000000000002,0.1036,0.07690000000000001,0.0872,0.0733,0.0959,0.0681,0.0461,0.021400000000000002,0.0653,0.0705
2010-08,-0.011699999999999999,-0.0958,-0.0736,-0.0344,-0.02,-0.0653,-0.0199,0.0036,-0.0397,-0.017,-0.0849,-0.0479
2010-09,0.061500000000000006,0.1308,0.12300000000000001,0.092,0.060599999999999994,0.12539999999999998,0.0788,0.0365,0.1215,0.09,0.0724,0.106
2010-10,0.044000000000000004,0.08539999999999999,0.0455,0.0458,0.0643,0.0643,0.045599999999999995,0.018600000000000002,0.0241,0.0194,0.0169,0.0254
2010-11,-0.0007000000000000001,0.0732,0.0281,0.055099999999999996,-0.011899999999999999,-0.0070999999999999995,-0.0189,-0.013600000000000001,0.0418,-0.0334,-0.003,0.0165
2010-12,0.0435,0.08900000000000001,0.0731,0.0941,0.06309999999999999,0.0596,0.0659,0.0323,0.0321,0.0545,0.1056,0.0722
2011-01,-0.023700000000000002,-0.0024,0.0441,0.0693,0.0008,0.0392,0.0005,0.0218,-0.0086,-0.0072,0.0254,0.0144
2011-02,0.0472,-0.0215,0.0354,0.07629999999999999,0.032,0.0242,0.07400000000000001,0.0242,0.0226,0.0333,0.027200000000000002,0.032799999999999996
2011-03,0.030299999999999997,0.0187,0.0236,0.021099999999999997,0.0072,-0.0144,0.0168,0.0092,0.011000000000000001,0.0226,-0.0158,-0.0031
2011-04,0.0461,0.0278,0.0199,0.0158,0.0493,0.031,0.0326,0.04,0.0451,0.0625,0.0067,0.0173
2011-05,0.0204,-0.0358,-0.029900000000000003,-0.0451,-0.0043,-0.0175,0.0077,0.0132,0.0088,0.0199,-0.026699999999999998,-0.0262
2011-06,-0.010700000000000001,-0.0109,0.0001,-0.0231,-0.0189,-0.0245,-0.0138,-0.0034000000000000002,-0.0088,-0.0187,-0.023,-0.0181
2011-07,-0.0042,-0.09029999999999999,-0.059500000000000004,0.0049,-0.0231,-0.0053,-0.049800000000000004,-0.0033,-0.0064,-0.036699999999999997,-0.0391,-0.0321
2011-08,-0.0066,-0.1223,-0.076,-0.09910000000000001,-0.0317,-0.0677,-0.0504,0.002,-0.0288,-0.0313,-0.0934,-0.0629
2011-09,-0.0487,-0.13849999999999998,-0.1199,-0.1223,-0.0911,-0.047400000000000005,-0.0572,-0.0161,-0.038900000000000004,-0.0397,-0.1125,-0.10859999999999999
2011-10,0.063,0.23070000000000002,0.1642,0.1625,0.0987,0.1177,0.0761,0.067,0.0975,0.0552,0.13470000000000001,0.1377
2011-11,0.0144,-0.0868,0.0184,0.0215,0.0046,-0.0196,0.003,0.0101,0.010700000000000001,0.013000000000000001,-0.0316,-0.0039000000000000003
2011-12,0.0189,-0.0103,-0.0179,-0.0034999999999999996,0.0125,-0.0143,0.031200000000000002,0.0291,0.009000000000000001,0.0347,0.0176,0.0102
2012-01,0.0039000000000000003,0.1366,0.0815,0.0101,0.0404,0.08470000000000001,0.023700000000000002,-0.0271,0.0406,0.034300000000000004,0.0735,0.0704
2012-02,0.0393,0.059500000000000004,0.0397,0.0652,0.0371,0.0664,0.0507,0.013000000000000001,0.031200000000000002,0.0125,0.06509999999999999,0.0077
2012-03,0.039,0.0138,-0.0002,-0.0327,0.019799999999999998,0.0466,0.023799999999999998,0.0148,0.0466,0.0395,0.07,0.0161
2012-04,0.008100000000000001,-0.073,-0.0102,-0.015700000000000002,-0.0019,-0.021,0.0169,0.017,0.0095,0.006,-0.0235,-0.005600000000000001
2012-05,-0.026699999999999998,-0.0782,-0.0875,-0.1057,-0.0591,-0.0782,-0.0077,-0.0088,-0.030299999999999997,-0.032400000000000005,-0.0919,-0.0533
2012-06,0.0344,-0.054299999999999994,0.0078000000000000005,0.057800000000000004,0.0195,0.029300000000000003,0.0702,0.0342,0.0217,0.0684,0.04650000000000001,0.053
2012-07,0.013999999999999999,-0.0034999999999999996,0.0064,0.0281,0.014499999999999999,-0.001,0.0415,0.035,0.012199999999999999,0.0163,-0.011000000000000001,-0.0143
2012-08,0.0012,0.0425,0.0346,0.0236,0.028900000000000002,0.048,0.0097,-0.0346,0.0276,0.0097,0.0418,0.0148
2012-09,0.009399999999999999,0.034,0.0155,0.0381,0.0197,0.012,0.048600000000000004,0.021099999999999997,0.0192,0.046799999999999994,0.0364,0.0415
2012-10,-0.0168,0.06309999999999999,-0.0037,-0.018600000000000002,-0.0102,-0.0635,-0.024300000000000002,0.0109,-0.0103,-0.0192,0.0191,-0.0066
2012-11,0.032,0.0256,0.030299999999999997,-0.0149,0.0223,0.0146,0.0006,-0.0379,0.0147,0.0151,-0.009399999999999999,0.006
2012-12,-0.0226,0.076,0.0371,0.013300000000000001,0.0105,0.0037,0.0115,0.0012,-0.011200000000000002,-0.0053,0.044199999999999996,0.024
2013-01,0.0512,0.0336,0.0562,0.0747,0.0681,0.023700000000000002,0.048499999999999995,0.050499999999999996,0.0554,0.0808,0.062400000000000004,0.0765
2013-02,0.0317,-0.0073,0.0129,0.0068000000000000005,0.0127,0.0068000000000000005,0.0229,0.022000000000000002,0.0084,0.013300000000000001,0.0118,0.0175
2013-03,0.0506,0.0444,0.0315,0.0207,0.016200000000000003,0.0268,0.0564,0.056900000000000006,0.0473,0.0652,0.0452,0.0369
2013-04,0.0374,0.0394,-0.0032,-0.0139,0.027000000000000003,0.0038,0.0432,0.0513,0.027200000000000002,0.0259,0.016200000000000003,-0.0046
2013-05,-0.0229,0.10039999999999999,0.04650000000000001,0.030299999999999997,0.0139,0.045700000000000005,-0.0176,-0.07139999999999999,0.0223,0.0161,0.0722,0.0378
2013-06,0.0007000000000000001,-0.0045000000000000005,-0.016200000000000003,-0.0239,-0.026699999999999998,-0.029300000000000003,0.019799999999999998,0.008199999999999999,-0.0003,-0.0138,-0.0048,-0.0242
2013-07,0.028900000000000002,0.0901,0.0647,0.0518,0.057300000000000004,0.056900000000000006,0.034300000000000004,0.0458,0.059000000000000004,0.08070000000000001,0.0652,0.0417
2013-08,-0.0391,-0.0103,-0.0172,-0.019,-0.019799999999999998,-0.002,-0.0329,-0.0443,-0.0426,-0.036699999999999997,-0.0426,-0.0264
2013-09,0.02,0.0645,0.0658,0.0197,0.0252,0.0381,0.042800000000000005,0.0105,0.0449,0.0417,0.0302,0.0524
2013-10,0.0482,0.0076,0.04190000000000001,0.0479,0.0541,0.0379,0.058499999999999996,0.0334,0.0512,0.0355,0.0321,0.0479
2013-11,0.0127,0.018799999999999997,0.033,0.0087,0.023399999999999997,0.0361,0.0008,-0.0181,0.0369,0.045,0.060599999999999994,0.024300000000000002
2013-12,0.024700000000000003,0.0124,0.04019999999999999,0.030299999999999997,0.013000000000000001,0.0398,0.0398,0.0179,0.0025,0.0059,0.026699999999999998,0.0398
2014-01,-0.0572,-0.0362,-0.041299999999999996,-0.0689,-0.045899999999999996,-0.0144,-0.0381,0.024900000000000002,-0.06480000000000001,0.0179,-0.0424,-0.0438
2014-02,0.0346,0.0801,0.0536,0.056900000000000006,0.0553,0.0512,0.0256,0.030899999999999997,0.0533,0.0635,0.032400000000000005,0.039
2014-03,0.0325,-0.0113,-0.0016,0.024300000000000002,0.0126,-0.0060999999999999995,0.0015,0.0268,-0.0059,-0.024700000000000003,0.0254,0.011399999999999999
2014-04,0.0149,0.0033,0.0051,0.0567,0.0146,-0.009899999999999999,0.0039000000000000003,0.0398,-0.009300000000000001,-0.0033,-0.035699999999999996,0.0073
2014-05,0.0337,0.0069,0.013500000000000002,0.0088,0.0113,0.0342,0.041100000000000005,0.0001,0.009899999999999999,0.018500000000000003,0.0166,0.0199
2014-06,0.012,0.044500000000000005,0.022799999999999997,0.0412,-0.003,0.0285,0.0154,0.054299999999999994,0.0126,0.0287,0.0308,0.0141
2014-07,-0.0435,-0.0471,-0.047599999999999996,-0.0356,-0.028900000000000002,0.0015,0.008,-0.064,-0.0202,-0.0034000000000000002,-0.0207,-0.0254
2014-08,0.0556,0.0507,0.0467,0.0232,0.051399999999999994,0.0424,0.0033,0.053099999999999994,0.0501,0.0554,0.0385,0.0454
2014-09,-0.0007000000000000001,-0.09380000000000001,-0.0333,-0.0783,-0.0091,-0.013999999999999999,-0.014499999999999999,-0.0338,-0.013300000000000001,-0.0022,-0.005600000000000001,-0.02
2014-10,0.0269,0.0349,0.0318,-0.04190000000000001,0.0096,0.0158,0.013000000000000001,0.06709999999999999,0.0271,0.0592,0.0379,0.027999999999999997
2014-11,0.0479,0.044199999999999996,0.0216,-0.09570000000000001,0.0252,0.042800000000000005,0.0246,0.0026,0.0751,0.0252,0.018000000000000002,0.0373
2014-12,-0.0241,0.0034999999999999996,-0.0043,0.0054,0.006,-0.0127,-0.020499999999999997,0.018600000000000002,0.016,-0.0083,0.021400000000000002,-0.0039000000000000003
2015-01,-0.005600000000000001,-0.042800000000000005,-0.038900000000000004,-0.0431,-0.035,-0.035,-0.0447,0.0124,-0.004,0.0158,-0.0776,-0.0398
2015-02,0.0513,0.0802,0.062400000000000004,0.0472,0.059699999999999996,0.0825,0.0892,-0.0436,0.0567,0.04,0.07980000000000001,0.059699999999999996
2015-03,-0.0242,-0.0058,-0.0155,-0.024900000000000002,-0.03,-0.0253,-0.0212,-0.0031,0.0066,0.0086,0.002,-0.0191
2015-04,0.008100000000000001,-0.0070999999999999995,-0.009399999999999999,0.0665,-0.0042,0.0146,0.0363,0.0028000000000000004,-0.0209,-0.0155,0.0074,0.0034999999999999996
2015-05,0.015,0.009899999999999999,0.0109,-0.051100000000000007,0.005,0.019,0.0033,-0.0043,0.010700000000000001,0.0499,0.031200000000000002,-0.006
2015-06,-0.015300000000000001,-0.018500000000000003,-0.0204,-0.0375,-0.0189,-0.0361,-0.0055000000000000005,-0.0527,-0.0060999999999999995,0.0037,0.0147,-0.024900000000000002
2015-07,0.0496,-0.0231,-0.0182,-0.0895,-0.0236,0.0219,0.0152,0.0265,0.051399999999999994,0.035,0.0194,0.0166
2015-08,-0.040999999999999995,-0.059800000000000006,-0.0479,-0.0365,-0.0718,-0.0582,-0.08380000000000001,-0.0408,-0.053,-0.08380000000000001,-0.06509999999999999,-0.0556
2015-09,-0.005600000000000001,-0.0345,-0.0444,-0.0575,-0.038599999999999995,-0.0129,-0.025,-0.005,-0.0206,-0.0692,-0.0319,-0.0287
2015-10,0.068,0.0696,0.0827,0.1217,0.1161,0.102,0.0907,0.0209,0.0482,0.0751,0.057699999999999994,0.0786
2015-11,-0.0092,0.0196,0.0048,0.0106,0.0028000000000000004,0.0111,-0.0192,-0.0342,0.011000000000000001,0.0058,0.0219,0.0004
2015-12,0.0078000000000000005,-0.0408,-0.0349,-0.096,-0.0076,-0.0254,-0.0296,-0.0239,0.0004,0.0032,-0.0287,-0.0226
2016-01,0.0017000000000000001,-0.1233,-0.0625,-0.0437,-0.0471,-0.0594,0.0039000000000000003,0.0467,-0.0453,-0.1012,-0.09720000000000001,-0.0696
2016-02,0.0059,0.0409,0.0365,-0.029500000000000002,0.0265,-0.0088,0.0091,0.0172,0.0011,-0.0097,-0.0301,0.0405
2016-03,0.0496,0.1065,0.0735,0.10890000000000001,0.061399999999999996,0.0851,0.0616,0.0784,0.0556,0.0395,0.066,0.0799
2016-04,0.0027,0.0154,0.0263,0.0917,0.0168,-0.0425,0.0069,-0.008,-0.0055000000000000005,0.0496,0.0416,-0.0034000000000000002
2016-05,0.0074,-0.0109,-0.0059,-0.0059,-0.0042,0.051699999999999996,0.0017000000000000001,0.022400000000000003,0.0096,0.0242,0.022000000000000002,-0.0046
2016-06,0.047400000000000005,-0.0548,0.0066,0.0255,0.013600000000000001,-0.0173,0.0355,0.07429999999999999,0.0073,-0.0017000000000000001,-0.053200000000000004,0.0077
2016-07,-0.0006,0.0858,0.0478,-0.0273,0.028399999999999998,0.075,0.0225,-0.0025,0.0384,0.0616,0.0406,0.0333
2016-08,-0.0060999999999999995,0.0025,0.0103,0.0161,0.020499999999999997,0.0179,-0.0317,-0.0378,-0.013600000000000001,-0.0315,0.0492,0.0067
2016-09,-0.0248,-0.0154,0.0015,0.0281,-0.0032,0.022099999999999998,0.004699999999999999,0.0183,-0.0062,0.006,-0.0149,-0.0019
2016-10,-0.0018,-0.0377,-0.0269,-0.0296,-0.0232,-0.010700000000000001,-0.0305,-0.0066,-0.0412,-0.0753,0.0154,-0.006500000000000001
2016-11,-0.0387,0.0755,0.09269999999999999,0.0959,0.0113,0.0073,0.0654,-0.0265,0.042800000000000005,0.0239,0.1331,0.08349999999999999
2016-12,0.0346,0.0398,0.003,0.0197,0.0083,0.0091,0.0489,0.0361,-0.003,0.0069,0.0387,0.013600000000000001
2017-01,0.0169,0.0294,0.031,-0.0429,0.0377,0.046,0.0333,0.0109,0.0111,0.0202,0.0052,0.0172
2017-02,0.0375,0.0072,0.0412,-0.0246,0.0425,0.048799999999999996,-0.0012,0.0385,0.0288,0.0697,0.045700000000000005,0.0213
2017-03,0.0088,0.0024,-0.0027,-0.012,0.0086,0.021,0.0088,0.0038,0.0079,0.0004,-0.0232,-0.0029
2017-04,0.0051,0.0169,0.0276,-0.0273,0.0026,0.0255,0.0011,0.0032,0.0265,0.009300000000000001,0.0016,0.0085
2017-05,0.0322,-0.0015,0.0159,-0.0338,0.0068000000000000005,0.0407,-0.0152,0.024399999999999998,0.0167,-0.0027,-0.011399999999999999,0.0104
2017-06,-0.011200000000000002,0.0335,0.0155,-0.0014000000000000002,0.0060999999999999995,-0.0207,-0.0246,-0.0191,-0.018799999999999997,0.0553,0.059500000000000004,0.0168
2017-07,-0.0006,-0.0101,0.0229,0.0204,0.0195,0.0364,0.0533,0.029900000000000003,0.002,0.0069,0.018500000000000003,0.0072
2017-08,-0.0175,0.0003,-0.0006,-0.0513,0.010700000000000001,0.0298,-0.0248,0.0218,-0.016,0.0259,-0.0129,0.0078000000000000005
2017-09,-0.0038,0.053899999999999997,0.050199999999999995,0.1094,0.0194,0.0060999999999999995,-0.015,-0.0195,0.024900000000000002,0.0208,0.0528,0.0329
2017-10,0.0008,0.0131,0.0361,0.004699999999999999,0.008100000000000001,0.06860000000000001,-0.0558,0.0302,0.0269,-0.0225,0.0337,0.0039000000000000003
2017-11,0.0407,-0.0049,0.0341,0.029900000000000003,0.0359,0.0111,0.0401,0.0242,0.07769999999999999,0.0248,0.0397,0.0366
2017-12,0.020099999999999996,-0.0072,0.0248,0.05,0.018000000000000002,-0.0017000000000000001,0.0449,-0.049800000000000004,0.0254,-0.0016,0.0103,0.019
2018-01,0.019299999999999998,0.0275,0.061,0.0277,-0.0072,0.0779,0.0315,-0.0281,0.09380000000000001,0.0639,0.0613,0.0545
2018-02,-0.0622,-0.0604,-0.0326,-0.10779999999999999,-0.0601,0.0002,-0.0705,-0.0454,-0.044800000000000006,-0.0349,-0.0259,-0.0462
2018-03,-0.0108,-0.0557,-0.032400000000000005,0.030699999999999998,0.004,-0.031400000000000004,-0.0253,0.0317,-0.0258,-0.0239,-0.0344,-0.012
2018-04,-0.0395,-0.003,-0.0364,0.0993,-0.0285,-0.0017000000000000001,-0.0231,0.0278,0.0378,-0.0005,0.0115,-0.0039000000000000003
2018-05,-0.0058,0.0311,0.0321,0.0339,0.0070999999999999995,0.068,-0.0131,0.0027,0.0085,0.023799999999999998,0.0038,0.0348
2018-06,0.0433,0.0060999999999999995,-0.0229,0.005,0.0242,-0.0043,0.06509999999999999,0.025699999999999997,0.029300000000000003,0.0147,-0.0103,-0.0073
2018-07,0.0287,-0.0116,0.0587,0.0111,0.0395,0.0248,0.0273,0.0168,0.0308,0.059000000000000004,0.0426,0.0302
2018-08,-0.0116,-0.0054,-0.011200000000000002,-0.028399999999999998,0.011399999999999999,0.07150000000000001,0.028900000000000002,0.009300000000000001,0.0799,0.045,0.024399999999999998,0.0242
2018-09,0.0070999999999999995,-0.0369,0.024700000000000003,0.0337,-0.0115,-0.0008,0.0179,-0.005699999999999999,0.0055000000000000005,0.0208,-0.0207,-0.0040999999999999995
2018-10,-0.0022,-0.029900000000000003,-0.1177,-0.1173,-0.057300000000000004,-0.0882,-0.0040999999999999995,-0.0006,-0.08800000000000001,-0.08789999999999999,-0.0559,-0.0882
2018-11,0.0049,0.0524,0.0426,-0.022000000000000002,0.0554,-0.0165,0.0252,0.0326,0.0264,0.0641,0.0287,0.028399999999999998
2018-12,-0.1131,-0.1158,-0.09939999999999999,-0.1306,-0.0625,-0.0817,-0.087,-0.04769999999999999,-0.0901,-0.0824,-0.1157,-0.0958
2019-01,0.0729,0.1103,0.1175,0.10339999999999999,0.056900000000000006,0.09230000000000001,0.0545,0.0538,0.0832,0.053099999999999994,0.0987,0.09699999999999999
2019-02,0.0134,0.0374,0.0571,0.024700000000000003,0.0418,0.056799999999999996,0.0304,0.0355,0.008,0.033,0.0276,0.0363
2019-03,0.036699999999999997,-0.05,-0.0219,0.0202,0.018000000000000002,0.0377,0.006,0.0333,0.0339,0.0051,-0.025099999999999997,0.0068000000000000005
2019-04,0.0313,0.0341,0.0382,0.0022,0.0447,0.0587,0.059800000000000006,0.01,0.0462,-0.0316,0.0713,0.057300000000000004
2019-05,-0.0562,-0.12240000000000001,-0.0987,-0.1188,-0.078,-0.0858,-0.03,-0.0155,-0.0605,-0.034,-0.0558,-0.0694
2019-06,0.049100000000000005,0.13119999999999998,0.09609999999999999,0.0883,0.0501,0.0793,0.051500000000000004,0.0364,0.0717,0.0682,0.062,0.075
2019-07,0.016,0.0083,-0.0031,-0.0264,0.0356,0.036699999999999997,0.020499999999999997,-0.0101,0.0102,-0.0216,0.031400000000000004,-0.0046
2019-08,-0.014199999999999999,-0.046799999999999994,-0.0208,-0.0851,-0.0088,-0.026099999999999998,0.0029,0.0345,0.0012,-0.0064,-0.0483,-0.04190000000000001
2019-09,0.018799999999999997,0.0378,0.0433,0.0369,0.028900000000000002,0.013600000000000001,0.0126,0.0394,0.0083,-0.0098,0.026699999999999998,0.0044
2019-10,0.0008,0.0702,0.0070999999999999995,-0.0208,-0.0121,0.0334,0.0219,-0.0139,0.0067,0.0466,0.0339,0.0242
2019-11,0.0227,0.0291,0.0447,0.011200000000000002,0.0083,0.053,0.024700000000000003,-0.021400000000000002,0.021099999999999997,0.0548,0.0574,0.0381
2019-12,0.0348,0.054000000000000006,0.009899999999999999,0.062400000000000004,0.0208,0.0382,0.0104,0.0412,0.013500000000000002,0.0345,0.0262,0.02
2020-01,-0.0043,0.061500000000000006,-0.028300000000000002,-0.11869999999999999,-0.0256,0.034,-0.0212,0.0483,0.0097,-0.0199,-0.024399999999999998,0.0060999999999999995
2020-02,-0.0876,-0.0725,-0.0852,-0.1543,-0.08789999999999999,-0.0699,-0.0622,-0.0989,-0.0672,-0.0537,-0.10710000000000001,-0.0837
2020-03,-0.10869999999999999,-0.2267,-0.20309999999999997,-0.3447,-0.0992,-0.0966,-0.1322,-0.1305,-0.0791,-0.0509,-0.20199999999999999,-0.17679999999999998
2020-04,0.0775,0.25489999999999996,0.1017,0.3231,0.12119999999999999,0.1484,0.09210000000000002,0.0518,0.18239999999999998,0.13449999999999998,0.11960000000000001,0.11
2020-05,0.031,0.0713,0.0649,0.005600000000000001,0.0463,0.0762,0.0481,0.0463,0.044800000000000006,0.0416,0.0365,0.0622
2020-06,-0.0014000000000000002,0.1413,0.0338,-0.0039000000000000003,0.011899999999999999,0.0579,-0.0262,-0.050199999999999995,0.044199999999999996,-0.0144,-0.0034999999999999996,0.0169
2020-07,0.0587,0.1868,0.0298,-0.0479,0.075,0.0683,0.0506,0.0634,0.0943,0.043899999999999995,0.0197,0.068
2020-08,0.044500000000000005,0.40990000000000004,0.06849999999999999,-0.011399999999999999,0.0495,0.1069,0.055999999999999994,-0.0225,0.08070000000000001,0.0235,0.049,0.0935
2020-09,-0.0208,-0.0904,-0.0026,-0.1499,0.0007000000000000001,-0.0529,-0.0197,-0.0032,-0.038599999999999995,-0.0143,-0.040999999999999995,-0.012199999999999999
2020-10,-0.027000000000000003,-0.0325,-0.0077,-0.0446,-0.0072,-0.0181,-0.038900000000000004,0.0447,-0.0269,-0.0437,-0.0078000000000000005,-0.0286
2020-11,0.1002,0.33899999999999997,0.1707,0.2853,0.0834,0.1075,0.1447,0.026600000000000002,0.083,0.0983,0.1634,0.15
2020-12,0.049100000000000005,0.1539,0.028999999999999998,0.056900000000000006,0.0178,0.0508,0.0512,0.0062,0.0138,0.0471,0.0694,0.0395
2021-01,-0.0415,0.1148,-0.0141,0.050499999999999996,-0.0412,0.005600000000000001,-0.0355,-0.0044,-0.0006,0.0342,-0.0282,-0.025
2021-02,0.0132,-0.0808,0.0794,0.23620000000000002,0.0062,0.013000000000000001,0.0426,-0.045899999999999996,-0.0165,-0.0125,0.1075,0.0837
2021-03,0.0728,0.0087,0.0781,0.022799999999999997,0.075,0.0087,0.0163,0.1039,0.057300000000000004,-0.0009,0.0587,0.042699999999999995
2021-04,0.0332,0.044000000000000004,0.0235,0.0075,0.0263,0.0636,0.0308,0.0398,0.0703,0.0296,0.061900000000000004,0.052199999999999996
2021-05,0.0197,-0.0533,0.0297,0.062,0.0235,-0.0088,-0.0051,-0.0116,-0.0215,-0.0012,0.0321,0.020099999999999996
2021-06,-0.008100000000000001,0.0556,-0.003,0.0553,-0.025699999999999997,0.068,-0.0001,-0.014199999999999999,0.029300000000000003,0.0441,-0.0226,-0.015
2021-07,0.0023,-0.0096,0.0084,-0.0866,0.0245,0.0363,0.0036,0.0297,0.0025,0.028399999999999998,0.0021,-0.016200000000000003
2021-08,-0.0028000000000000004,0.0178,0.0068000000000000005,-0.0116,0.0027,0.04650000000000001,0.0137,0.0323,0.0241,0.028399999999999998,0.0286,0.0252
2021-09,-0.0458,0.027999999999999997,-0.0626,0.1108,-0.0475,-0.061500000000000006,-0.0558,-0.0487,-0.0438,-0.0602,-0.0154,-0.0384
2021-10,0.0374,0.3078,0.0449,0.1027,0.061,0.0816,-0.0424,0.051100000000000007,0.051500000000000004,0.0223,0.0707,0.0608
2021-11,-0.0387,0.020499999999999997,-0.011200000000000002,-0.054000000000000006,0.0025,0.015,-0.0719,-0.0197,0.0147,-0.0426,-0.056799999999999996,-0.051699999999999996
2021-12,0.08070000000000001,-0.0466,0.041299999999999996,0.0305,0.09449999999999999,0.0166,0.0395,0.08560000000000001,0.0152,0.0658,0.0472,0.052199999999999996
2022-01,-0.006500000000000001,-0.10310000000000001,-0.0558,0.17420000000000002,-0.0637,-0.084,-0.019299999999999998,-0.021,-0.0883,-0.0877,-0.0069,-0.0725
2022-02,-0.005699999999999999,-0.0707,-0.0016,0.0836,-0.0347,-0.0452,0.0029,-0.0109,-0.0155,-0.0101,-0.016200000000000003,-0.019799999999999998
2022-03,0.0045000000000000005,0.1503,0.013000000000000001,0.09789999999999999,0.0011,0.0331,-0.0242,0.0969,0.0298,0.051500000000000004,-0.0104,0.0437
2022-04,0.0226,-0.16899999999999998,-0.0794,-0.0128,0.004699999999999999,-0.1261,-0.1056,-0.0371,-0.0978,-0.0691,-0.07980000000000001,-0.109
2022-05,-0.0163,-0.0904,-0.0009,0.1557,-0.009399999999999999,-0.021,0.0866,0.048,-0.040999999999999995,0.0096,0.0288,-0.0282
2022-06,-0.038900000000000004,-0.1184,-0.1002,-0.1655,-0.083,-0.0815,-0.0663,-0.0654,-0.07730000000000001,-0.0202,-0.09050000000000001,-0.11289999999999999
2022-07,0.041299999999999996,0.27649999999999997,0.1099,0.10460000000000001,0.031400000000000004,0.1168,-0.0003,0.063,0.147,0.0277,0.07400000000000001,0.1121
2022-08,-0.0182,-0.057999999999999996,-0.0438,0.0334,-0.016200000000000003,-0.053,-0.0287,0.0014000000000000002,-0.0311,-0.0504,-0.0215,-0.0338
2022-09,-0.0837,-0.0655,-0.11939999999999999,-0.09210000000000002,-0.10710000000000001,-0.1148,-0.1386,-0.1165,-0.07629999999999999,-0.0192,-0.077,-0.08810000000000001
2022-10,0.09960000000000001,-0.0661,0.1483,0.2351,0.0691,0.050199999999999995,0.106,0.0351,0.0435,0.08779999999999999,0.1272,0.0955
2022-11,0.053099999999999994,-0.0808,0.0862,0.0104,0.0992,0.0538,0.0218,0.0681,0.0379,0.0535,0.048,0.0765
2022-12,-0.0263,-0.2807,-0.024399999999999998,-0.042,-0.022000000000000002,-0.07980000000000001,-0.0682,-0.0121,-0.0793,-0.0172,-0.0554,-0.050300000000000004
2023-01,-0.0037,0.2903,0.0725,0.0278,0.0308,0.09539999999999998,0.1356,-0.0124,0.0975,-0.0105,0.0636,0.0951
2023-02,-0.0217,0.10980000000000001,-0.010700000000000001,-0.0691,-0.0361,-0.0014000000000000002,-0.065,-0.053099999999999994,-0.0467,-0.0429,-0.024300000000000002,-0.0259
2023-03,0.0316,-0.0062,-0.0018,-0.0042,0.0161,0.1056,-0.001,0.039,0.0339,0.024900000000000002,-0.0894,0.0109
2023-04,0.0317,-0.1524,-0.0202,0.025699999999999997,0.0263,0.0026,0.009899999999999999,0.0172,0.022400000000000003,0.0412,0.0197,0.0146
2023-05,-0.054000000000000006,0.1351,-0.0415,-0.09519999999999999,-0.08529999999999999,0.0857,-0.0941,-0.0584,0.0052,-0.0366,-0.0377,-0.0139
2023-06,0.0285,0.2466,0.1157,0.0647,0.08689999999999999,0.058600000000000006,0.0462,0.0262,0.0783,0.0466,0.058600000000000006,0.09720000000000001
2023-07,0.023,0.0276,0.0378,0.0745,0.0183,0.0424,0.0095,0.0279,0.0226,-0.0012,0.0642,0.038900000000000004
2023-08,-0.0378,-0.0435,-0.022099999999999998,0.0194,-0.0278,-0.0163,0.0016,-0.0529,-0.0039000000000000003,-0.0023,-0.0361,-0.030600000000000002
2023-09,-0.046,-0.0258,-0.0729,0.0315,-0.06570000000000001,-0.0599,-0.032,-0.050499999999999996,-0.056600000000000004,-0.047,-0.0204,-0.0545
2023-10,-0.0369,-0.179,-0.0291,-0.061900000000000004,-0.022099999999999998,-0.0174,-0.0013,0.011200000000000002,0.004,-0.045899999999999996,-0.0179,-0.0406
2023-11,0.0493,0.1578,0.0973,-0.0132,0.06269999999999999,0.1204,0.0696,0.0509,0.0717,0.057999999999999996,0.1026,0.10800000000000001
2023-12,0.035699999999999996,0.066,0.07780000000000001,0.0019,0.0288,0.0458,0.0225,0.0169,0.059000000000000004,0.0691,0.0676,0.0654
2024-01,-0.019299999999999998,-0.1794,-0.0184,-0.0011,0.0055000000000000005,0.0317,0.045700000000000005,-0.03,0.0124,0.0352,0.0074,0.011699999999999999
2024-02,0.0169,0.0721,0.0621,0.030600000000000002,0.0316,0.061799999999999994,-0.027200000000000002,0.024399999999999998,0.09480000000000001,0.0463,0.0363,0.0626
2024-03,0.0296,-0.0559,0.047,0.10289999999999999,0.0393,0.0235,0.030899999999999997,0.0704,0.0268,0.0219,0.0483,0.0403
2024-04,-0.013600000000000001,-0.0095,-0.0418,-0.0064,-0.033,-0.0438,-0.0653,0.015700000000000002,-0.0473,-0.0587,-0.0418,-0.0519
2024-05,0.0096,-0.0078000000000000005,0.0362,-0.0046,0.018600000000000002,0.0816,0.0374,0.0801,0.024700000000000003,0.032,0.0355,0.0269
2024-06,-0.021,0.0613,-0.0187,-0.021,-0.0199,0.0761,-0.006,-0.042199999999999994,0.0353,0.029300000000000003,-0.0028000000000000004,0.0006
2024-07,0.04769999999999999,0.1159,0.0418,0.0203,0.016399999999999998,-0.0179,0.0385,0.0632,0.0054,0.0083,0.0767,0.0458
2024-08,0.040999999999999995,-0.051399999999999994,0.0039000000000000003,-0.0292,0.0464,0.013600000000000001,0.0124,0.045700000000000005,0.013600000000000001,0.0641,0.025099999999999997,0.0366
2024-09,0.0098,0.1427,0.027000000000000003,-0.0318,0.0202,0.029900000000000003,0.0556,0.0536,0.036699999999999997,-0.0184,-0.0051,0.0202
2024-10,-0.0258,-0.031400000000000004,-0.0369,-0.0055000000000000005,-0.0481,-0.0018,0.023700000000000002,0.006999999999999999,-0.011399999999999999,-0.0315,0.0264,-0.0085
2024-11,0.015300000000000001,0.29710000000000003,0.0687,0.0655,0.0506,0.0496,0.09179999999999999,0.062,0.09960000000000001,-0.0051,0.12050000000000001,0.0785
2024-12,-0.0504,0.1101,-0.0761,-0.0898,-0.083,0.014499999999999999,-0.0796,-0.07769999999999999,-0.0187,-0.0538,-0.0733,-0.0673
2025-01,0.0066,0.0043,0.047,0.0143,0.017,0.0027,0.0137,0.0292,0.0673,0.0635,0.0758,0.046799999999999994
2025-02,0.0553,-0.228,-0.0302,0.0298,0.0111,-0.0393,0.094,0.020099999999999996,-0.0374,0.035,-0.0166,0.0073
2025-03,0.0040999999999999995,-0.1,-0.0506,0.0384,-0.033,-0.09140000000000001,-0.0134,0.0076,-0.0736,-0.0416,-0.0481,-0.0384
2025-04,-0.006,0.058899999999999994,-0.0143,-0.1398,-0.0391,0.0115,-0.049,-0.013300000000000001,0.0095,-0.0066,-0.0338,0.0066
